,State,City,M,n,M_social,n_social,M_race,n_race,M_gender,n_gender,M_sexual_orientation,n_sexual_orientation,M_disabilities,n_disabilities,M_infogram_socialEquityCitiesRanking,M_nationalEquityAtlas,M_usNews_stateRankingsEquality,M_wallethub_statesRacialEquality,M_wallethub_racialIntegration,M_wisevoter_mostDiverseStates,M_bloomberg_blackWomenMetros,M_georgetown_usaIndex,M_usaNews_statesGenderEquality,M_statusWomen_bestWorstStates,M_iwpr_reproductiveRights,M_wallethub_womenEquity,M_hrc_stateEquityIndex,M_move_lgbtqFamily,M_map_equaliltyMaps,M_axios_lgbtq_equality,M_wallethub_citiesDisabilities,M_ncaj_disabilityAccess,M_usNews_equalityRankings
0,AK,,4.418446840324183,15,3.4384,1,5.268599999999999,4,3.6948000000000003,4,4.346175651215686,4,4.8,2,,3.4384,3.04,6.828799999999999,6.1815999999999995,5.023999999999999,,3.8560000000000003,4.392,,2.144,4.3872,4.8,2.980392156862745,4.417910448,5.1864,,1.6,8.0
82,AK,Anchorage,4.647723682638985,17,5.8295,2,5.268599999999999,4,3.6948000000000003,4,4.346175651215686,4,4.704666666666667,3,5.7,5.9590000000000005,3.04,6.828799999999999,6.1815999999999995,5.023999999999999,,3.8560000000000003,4.392,,2.144,4.3872,4.8,2.980392156862745,4.417910448,5.1864,4.514,1.6,8.0
287,AK,Juneau,4.636488388521338,17,5.8295,2,5.268599999999999,4,3.6948000000000003,4,4.346175651215686,4,4.641,3,5.7,5.9590000000000005,3.04,6.828799999999999,6.1815999999999995,5.023999999999999,,3.8560000000000003,4.392,,2.144,4.3872,4.8,2.980392156862745,4.417910448,5.1864,4.3229999999999995,1.6,8.0
1,AL,,2.690046078431373,16,3.9504000000000006,1,4.306,4,1.73536,5,1.0934627450980392,4,4.407843137254902,2,,3.9504000000000006,2.7199999999999998,5.2264,5.0296,4.248,,1.904,1.6064,0.0,1.128,4.0384,0.4,0.627450980392157,0.0,3.3464,,1.6,7.215686274509804
198,AL,Birmingham,3.013518736383442,18,5.962,1,4.4448,5,1.73536,5,1.0934627450980392,4,4.3355620915032675,3,,5.962,2.7199999999999998,5.2264,5.0296,4.248,5.0,1.904,1.6064,0.0,1.128,4.0384,0.4,0.627450980392157,0.0,3.3464,4.191,1.6,7.215686274509804
142,AL,Huntsville,3.0881298474945535,18,7.225,1,4.4448,5,1.73536,5,1.0934627450980392,4,4.362228758169935,3,,7.225,2.7199999999999998,5.2264,5.0296,4.248,5.0,1.904,1.6064,0.0,1.128,4.0384,0.4,0.627450980392157,0.0,3.3464,4.271,1.6,7.215686274509804
215,AL,Mobile,2.9699076252723313,18,5.544,1,4.4448,5,1.73536,5,1.0934627450980392,4,4.213228758169935,3,,5.544,2.7199999999999998,5.2264,5.0296,4.248,5.0,1.904,1.6064,0.0,1.128,4.0384,0.4,0.627450980392157,0.0,3.3464,3.8240000000000003,1.6,7.215686274509804
193,AL,Montgomery,3.0140187363834428,18,6.089,1,4.4448,5,1.73536,5,1.0934627450980392,4,4.296228758169935,3,,6.089,2.7199999999999998,5.2264,5.0296,4.248,5.0,1.904,1.6064,0.0,1.128,4.0384,0.4,0.627450980392157,0.0,3.3464,4.0729999999999995,1.6,7.215686274509804
2,AR,,3.019487331969046,15,3.2,1,5.021199999999999,4,2.3775999999999997,4,1.1164343576290197,4,4.015686274509804,2,,3.2,6.08,5.26,4.7608,3.9839999999999995,,1.848,2.8288,,0.584,4.249599999999999,0.8,0.3137254901960785,0.47761194032,2.8744,,1.6,6.431372549019608
202,AR,Fayetteville,3.196287331969046,15,5.852,1,5.021199999999999,4,2.3775999999999997,4,1.1164343576290197,4,4.015686274509804,2,,5.852,6.08,5.26,4.7608,3.9839999999999995,,1.848,2.8288,,0.584,4.249599999999999,0.8,0.3137254901960785,0.47761194032,2.8744,,1.6,6.431372549019608
282,AR,Fort Smith,3.27264437372098,16,5.852,1,5.021199999999999,4,2.3775999999999997,4,1.1164343576290197,4,4.149790849673203,3,,5.852,6.08,5.26,4.7608,3.9839999999999995,,1.848,2.8288,,0.584,4.249599999999999,0.8,0.3137254901960785,0.47761194032,2.8744,4.418,1.6,6.431372549019608
164,AR,Little Rock,3.3300193737209804,16,6.641,1,5.021199999999999,4,2.3775999999999997,4,1.1164343576290197,4,4.1927908496732025,3,,6.641,6.08,5.26,4.7608,3.9839999999999995,,1.848,2.8288,,0.584,4.249599999999999,0.8,0.3137254901960785,0.47761194032,2.8744,4.547,1.6,6.431372549019608
3,AS,,1.3532338311999998,1,,0,,0,,0,1.3532338311999998,1,,0,,,,,,,,,,,,,,,1.3532338311999998,,,,
4,AZ,,3.390903771354771,15,3.7192,1,4.719,4,3.5714000000000006,4,2.169218554345098,4,2.652941176470588,2,,3.7192,1.7600000000000002,6.284,5.912000000000001,4.92,,3.6239999999999997,4.8896,,0.6559999999999999,5.1160000000000005,0.8,1.5686274509803924,1.8706467663999997,4.4376,,0.6,4.705882352941177
89,AZ,Chandler,3.609620974724798,17,4.4821,2,4.719,4,3.5714000000000006,4,2.169218554345098,4,3.5202941176470586,3,5.245,3.7192,1.7600000000000002,6.284,5.912000000000001,4.92,,3.6239999999999997,4.8896,,0.6559999999999999,5.1160000000000005,0.8,1.5686274509803924,1.8706467663999997,4.4376,5.255,0.6,4.705882352941177
244,AZ,Gilbert,3.600915092371857,17,4.4821,2,4.719,4,3.5714000000000006,4,2.169218554345098,4,3.4709607843137253,3,5.245,3.7192,1.7600000000000002,6.284,5.912000000000001,4.92,,3.6239999999999997,4.8896,,0.6559999999999999,5.1160000000000005,0.8,1.5686274509803924,1.8706467663999997,4.4376,5.107,0.6,4.705882352941177
257,AZ,Glendale,3.5895033276659745,17,4.4821,2,4.719,4,3.5714000000000006,4,2.169218554345098,4,3.4062941176470587,3,5.245,3.7192,1.7600000000000002,6.284,5.912000000000001,4.92,,3.6239999999999997,4.8896,,0.6559999999999999,5.1160000000000005,0.8,1.5686274509803924,1.8706467663999997,4.4376,4.913,0.6,4.705882352941177
99,AZ,Mesa,3.5987974453130334,17,4.4620999999999995,2,4.719,4,3.5714000000000006,4,2.169218554345098,4,3.4722941176470585,3,5.205,3.7192,1.7600000000000002,6.284,5.912000000000001,4.92,,3.6239999999999997,4.8896,,0.6559999999999999,5.1160000000000005,0.8,1.5686274509803924,1.8706467663999997,4.4376,5.111,0.6,4.705882352941177
237,AZ,Peoria,3.604562151195386,17,4.4620999999999995,2,4.719,4,3.5714000000000006,4,2.169218554345098,4,3.5049607843137256,3,5.205,3.7192,1.7600000000000002,6.284,5.912000000000001,4.92,,3.6239999999999997,4.8896,,0.6559999999999999,5.1160000000000005,0.8,1.5686274509803924,1.8706467663999997,4.4376,5.2090000000000005,0.6,4.705882352941177
87,AZ,Phoenix,4.091853142795642,18,5.84,2,5.7652,5,3.5714000000000006,4,2.169218554345098,4,3.3949607843137257,3,5.6049999999999995,6.075,1.7600000000000002,6.284,5.912000000000001,4.92,9.95,3.6239999999999997,4.8896,,0.6559999999999999,5.1160000000000005,0.8,1.5686274509803924,1.8706467663999997,4.4376,4.879,0.6,4.705882352941177
231,AZ,Scottsdale,4.128353142795643,18,5.84,2,5.7652,5,3.5714000000000006,4,2.169218554345098,4,3.6139607843137256,3,5.6049999999999995,6.075,1.7600000000000002,6.284,5.912000000000001,4.92,9.95,3.6239999999999997,4.8896,,0.6559999999999999,5.1160000000000005,0.8,1.5686274509803924,1.8706467663999997,4.4376,5.536,0.6,4.705882352941177
233,AZ,Tempe,4.126519809462309,18,5.84,2,5.7652,5,3.5714000000000006,4,2.169218554345098,4,3.602960784313725,3,5.6049999999999995,6.075,1.7600000000000002,6.284,5.912000000000001,4.92,9.95,3.6239999999999997,4.8896,,0.6559999999999999,5.1160000000000005,0.8,1.5686274509803924,1.8706467663999997,4.4376,5.503,0.6,4.705882352941177
93,AZ,Tucson,4.135964253906754,18,6.0045,2,5.7652,5,3.5714000000000006,4,2.169218554345098,4,3.5499607843137255,3,5.486,6.523000000000001,1.7600000000000002,6.284,5.912000000000001,4.92,9.95,3.6239999999999997,4.8896,,0.6559999999999999,5.1160000000000005,0.8,1.5686274509803924,1.8706467663999997,4.4376,5.343999999999999,0.6,4.705882352941177
5,CA,,5.577849019607843,16,2.9392000000000005,1,4.7622,4,5.43536,5,7.35156862745098,4,5.337254901960785,2,,2.9392000000000005,2.56,5.558400000000001,5.3544,5.5760000000000005,,4.512,4.8432,7.359999999999999,4.976,5.4856,6.8,7.686274509803923,8.0,6.92,,4.4,6.274509803921569
78,CA,Anaheim,5.573143572984749,18,4.524100000000001,2,4.7622,4,5.43536,5,7.35156862745098,4,5.2121699346405235,3,6.109,2.9392000000000005,2.56,5.558400000000001,5.3544,5.5760000000000005,,4.512,4.8432,7.359999999999999,4.976,5.4856,6.8,7.686274509803923,8.0,6.92,4.962,4.4,6.274509803921569
115,CA,Bakersfield,5.570799128540305,18,4.5095,2,4.7622,4,5.43536,5,7.35156862745098,4,5.20783660130719,3,4.819,4.2,2.56,5.558400000000001,5.3544,5.5760000000000005,,4.512,4.8432,7.359999999999999,4.976,5.4856,6.8,7.686274509803923,8.0,6.92,4.949,4.4,6.274509803921569
58,CA,Chula Vista,5.6912435729847495,18,5.6585,2,4.7622,4,5.43536,5,7.35156862745098,4,5.164503267973857,3,7.117,4.2,2.56,5.558400000000001,5.3544,5.5760000000000005,,4.512,4.8432,7.359999999999999,4.976,5.4856,6.8,7.686274509803923,8.0,6.92,4.819,4.4,6.274509803921569
278,CA,Fontana,5.671854684095861,18,5.6585,2,4.7622,4,5.43536,5,7.35156862745098,4,5.048169934640524,3,7.117,4.2,2.56,5.558400000000001,5.3544,5.5760000000000005,,4.512,4.8432,7.359999999999999,4.976,5.4856,6.8,7.686274509803923,8.0,6.92,4.470000000000001,4.4,6.274509803921569
236,CA,Fremont,5.719076906318083,18,5.6585,2,4.7622,4,5.43536,5,7.35156862745098,4,5.331503267973857,3,7.117,4.2,2.56,5.558400000000001,5.3544,5.5760000000000005,,4.512,4.8432,7.359999999999999,4.976,5.4856,6.8,7.686274509803923,8.0,6.92,5.32,4.4,6.274509803921569
128,CA,Fresno,5.572299128540305,18,4.57,2,4.7622,4,5.43536,5,7.35156862745098,4,5.176503267973856,3,4.253,4.887,2.56,5.558400000000001,5.3544,5.5760000000000005,,4.512,4.8432,7.359999999999999,4.976,5.4856,6.8,7.686274509803923,8.0,6.92,4.8549999999999995,4.4,6.274509803921569
250,CA,Garden Grove,5.582076906318083,18,4.57,2,4.7622,4,5.43536,5,7.35156862745098,4,5.235169934640523,3,4.253,4.887,2.56,5.558400000000001,5.3544,5.5760000000000005,,4.512,4.8432,7.359999999999999,4.976,5.4856,6.8,7.686274509803923,8.0,6.92,5.031000000000001,4.4,6.274509803921569
241,CA,Glendale,5.589021350762526,18,4.57,2,4.7622,4,5.43536,5,7.35156862745098,4,5.27683660130719,3,4.253,4.887,2.56,5.558400000000001,5.3544,5.5760000000000005,,4.512,4.8432,7.359999999999999,4.976,5.4856,6.8,7.686274509803923,8.0,6.92,5.156000000000001,4.4,6.274509803921569
230,CA,Huntington Beach,5.612465795206972,18,4.57,2,4.7622,4,5.43536,5,7.35156862745098,4,5.417503267973856,3,4.253,4.887,2.56,5.558400000000001,5.3544,5.5760000000000005,,4.512,4.8432,7.359999999999999,4.976,5.4856,6.8,7.686274509803923,8.0,6.92,5.578,4.4,6.274509803921569
240,CA,Irvine,5.589299128540305,18,4.57,2,4.7622,4,5.43536,5,7.35156862745098,4,5.278503267973856,3,4.253,4.887,2.56,5.558400000000001,5.3544,5.5760000000000005,,4.512,4.8432,7.359999999999999,4.976,5.4856,6.8,7.686274509803923,8.0,6.92,5.161,4.4,6.274509803921569
71,CA,Long Beach,5.705299128540305,18,5.725,2,4.7622,4,5.43536,5,7.35156862745098,4,5.204503267973856,3,6.563,4.887,2.56,5.558400000000001,5.3544,5.5760000000000005,,4.512,4.8432,7.359999999999999,4.976,5.4856,6.8,7.686274509803923,8.0,6.92,4.939,4.4,6.274509803921569
70,CA,Los Angeles,5.787967595459236,19,5.623,2,5.30976,5,5.43536,5,7.35156862745098,4,5.1978366013071895,3,6.575,4.671,2.56,5.558400000000001,5.3544,5.5760000000000005,7.5,4.512,4.8432,7.359999999999999,4.976,5.4856,6.8,7.686274509803923,8.0,6.92,4.919,4.4,6.274509803921569
220,CA,Modesto,5.7809149638802895,19,5.641,2,5.30976,5,5.43536,5,7.35156862745098,4,5.141169934640524,3,6.575,4.707,2.56,5.558400000000001,5.3544,5.5760000000000005,7.5,4.512,4.8432,7.359999999999999,4.976,5.4856,6.8,7.686274509803923,8.0,6.92,4.7490000000000006,4.4,6.274509803921569
279,CA,Moreno Valley,5.766072858617131,19,5.641,2,5.30976,5,5.43536,5,7.35156862745098,4,5.047169934640523,3,6.575,4.707,2.56,5.558400000000001,5.3544,5.5760000000000005,7.5,4.512,4.8432,7.359999999999999,4.976,5.4856,6.8,7.686274509803923,8.0,6.92,4.4670000000000005,4.4,6.274509803921569
72,CA,Oakland,5.807967595459236,19,5.6194999999999995,2,5.30976,5,5.43536,5,7.35156862745098,4,5.32683660130719,3,6.531999999999999,4.707,2.56,5.558400000000001,5.3544,5.5760000000000005,7.5,4.512,4.8432,7.359999999999999,4.976,5.4856,6.8,7.686274509803923,8.0,6.92,5.306,4.4,6.274509803921569
238,CA,Oceanside,5.800914963880289,19,5.6194999999999995,2,5.30976,5,5.43536,5,7.35156862745098,4,5.282169934640523,3,6.531999999999999,4.707,2.56,5.558400000000001,5.3544,5.5760000000000005,7.5,4.512,4.8432,7.359999999999999,4.976,5.4856,6.8,7.686274509803923,8.0,6.92,5.172,4.4,6.274509803921569
268,CA,Ontario,5.772967595459236,19,5.6194999999999995,2,5.30976,5,5.43536,5,7.35156862745098,4,5.105169934640523,3,6.531999999999999,4.707,2.56,5.558400000000001,5.3544,5.5760000000000005,7.5,4.512,4.8432,7.359999999999999,4.976,5.4856,6.8,7.686274509803923,8.0,6.92,4.641,4.4,6.274509803921569
153,CA,Oxnard,5.895651805985552,19,6.6899999999999995,2,5.30976,5,5.43536,5,7.35156862745098,4,5.168503267973857,3,6.531999999999999,6.848000000000001,2.56,5.558400000000001,5.3544,5.5760000000000005,7.5,4.512,4.8432,7.359999999999999,4.976,5.4856,6.8,7.686274509803923,8.0,6.92,4.831,4.4,6.274509803921569
255,CA,Rancho Cucamonga,5.903651805985552,19,6.6899999999999995,2,5.30976,5,5.43536,5,7.35156862745098,4,5.219169934640523,3,6.531999999999999,6.848000000000001,2.56,5.558400000000001,5.3544,5.5760000000000005,7.5,4.512,4.8432,7.359999999999999,4.976,5.4856,6.8,7.686274509803923,8.0,6.92,4.983,4.4,6.274509803921569
91,CA,Riverside,5.68749391124871,19,5.4079999999999995,2,4.96976,5,5.43536,5,7.35156862745098,4,5.2715032679738565,3,5.519,5.297,2.56,5.558400000000001,5.3544,5.5760000000000005,5.8,4.512,4.8432,7.359999999999999,4.976,5.4856,6.8,7.686274509803923,8.0,6.92,5.14,4.4,6.274509803921569
67,CA,Sacramento,5.810072858617131,19,6.597999999999999,2,4.96976,5,5.43536,5,7.35156862745098,4,5.254503267973857,3,6.648999999999999,6.547,2.56,5.558400000000001,5.3544,5.5760000000000005,5.8,4.512,4.8432,7.359999999999999,4.976,5.4856,6.8,7.686274509803923,8.0,6.92,5.089,4.4,6.274509803921569
212,CA,Salinas,5.760125490196078,19,6.1235,2,4.96976,5,5.43536,5,7.35156862745098,4,5.254503267973857,3,6.648999999999999,5.598,2.56,5.558400000000001,5.3544,5.5760000000000005,5.8,4.512,4.8432,7.359999999999999,4.976,5.4856,6.8,7.686274509803923,8.0,6.92,5.089,4.4,6.274509803921569
95,CA,San Benandino,5.701599174406605,19,5.5675,2,4.96976,5,5.43536,5,7.35156862745098,4,5.254503267973857,3,5.537,5.598,2.56,5.558400000000001,5.3544,5.5760000000000005,5.8,4.512,4.8432,7.359999999999999,4.976,5.4856,6.8,7.686274509803923,8.0,6.92,5.089,4.4,6.274509803921569
280,CA,San Bernardino,5.668809700722394,19,5.5675,2,4.96976,5,5.43536,5,7.35156862745098,4,5.04683660130719,3,5.537,5.598,2.56,5.558400000000001,5.3544,5.5760000000000005,5.8,4.512,4.8432,7.359999999999999,4.976,5.4856,6.8,7.686274509803923,8.0,6.92,4.465999999999999,4.4,6.274509803921569
80,CA,San Diego,5.747967595459237,19,5.9775,2,4.96976,5,5.43536,5,7.35156862745098,4,5.27483660130719,3,5.884,6.071,2.56,5.558400000000001,5.3544,5.5760000000000005,5.8,4.512,4.8432,7.359999999999999,4.976,5.4856,6.8,7.686274509803923,8.0,6.92,5.15,4.4,6.274509803921569
56,CA,San Francisco,5.889809700722394,19,7.108,2,4.98776,5,5.43536,5,7.35156862745098,4,5.389503267973857,3,7.473999999999999,6.742,2.56,5.558400000000001,5.3544,5.5760000000000005,5.89,4.512,4.8432,7.359999999999999,4.976,5.4856,6.8,7.686274509803923,8.0,6.92,5.494,4.4,6.274509803921569
64,CA,San Jose,5.869914963880289,19,7.0545,2,4.98776,5,5.43536,5,7.35156862745098,4,5.299169934640523,3,6.861,7.248,2.56,5.558400000000001,5.3544,5.5760000000000005,5.89,4.512,4.8432,7.359999999999999,4.976,5.4856,6.8,7.686274509803923,8.0,6.92,5.223,4.4,6.274509803921569
68,CA,Santa Ana,5.8448097007223945,19,6.9245,2,4.98776,5,5.43536,5,7.35156862745098,4,5.22683660130719,3,6.601000000000001,7.248,2.56,5.558400000000001,5.3544,5.5760000000000005,5.89,4.512,4.8432,7.359999999999999,4.976,5.4856,6.8,7.686274509803923,8.0,6.92,5.006,4.4,6.274509803921569
178,CA,Santa Barbara,5.799651805985552,19,6.4955,2,4.98776,5,5.43536,5,7.35156862745098,4,5.22683660130719,3,6.601000000000001,6.39,2.56,5.558400000000001,5.3544,5.5760000000000005,5.89,4.512,4.8432,7.359999999999999,4.976,5.4856,6.8,7.686274509803923,8.0,6.92,5.006,4.4,6.274509803921569
258,CA,Santa Clarita,5.794757069143447,19,6.4955,2,4.98776,5,5.43536,5,7.35156862745098,4,5.19583660130719,3,6.601000000000001,6.39,2.56,5.558400000000001,5.3544,5.5760000000000005,5.89,4.512,4.8432,7.359999999999999,4.976,5.4856,6.8,7.686274509803923,8.0,6.92,4.913,4.4,6.274509803921569
157,CA,Santa Rosa,5.808388648090815,19,6.671,2,4.98776,5,5.43536,5,7.35156862745098,4,5.165169934640523,3,6.601000000000001,6.741,2.56,5.558400000000001,5.3544,5.5760000000000005,5.89,4.512,4.8432,7.359999999999999,4.976,5.4856,6.8,7.686274509803923,8.0,6.92,4.821,4.4,6.274509803921569
86,CA,Stockton,5.656020227038184,19,5.2605,2,4.98776,5,5.43536,5,7.35156862745098,4,5.140503267973856,3,5.622,4.899,2.56,5.558400000000001,5.3544,5.5760000000000005,5.89,4.512,4.8432,7.359999999999999,4.976,5.4856,6.8,7.686274509803923,8.0,6.92,4.747,4.4,6.274509803921569
173,CA,Vallejo,5.7397570691434465,19,6.056,2,4.98776,5,5.43536,5,7.35156862745098,4,5.140503267973856,3,5.622,6.49,2.56,5.558400000000001,5.3544,5.5760000000000005,5.89,4.512,4.8432,7.359999999999999,4.976,5.4856,6.8,7.686274509803923,8.0,6.92,4.747,4.4,6.274509803921569
225,CA,Visalia,5.572599174406605,19,4.468,2,4.98776,5,5.43536,5,7.35156862745098,4,5.140503267973856,3,5.622,3.314,2.56,5.558400000000001,5.3544,5.5760000000000005,5.89,4.512,4.8432,7.359999999999999,4.976,5.4856,6.8,7.686274509803923,8.0,6.92,4.747,4.4,6.274509803921569
6,CO,,4.817354594662746,16,5.5,1,4.0698,4,4.34912,5,7.142139947278432,4,2.492156862745098,2,,5.5,0.8,5.9368,5.3584000000000005,4.183999999999999,,4.5200000000000005,4.7904,6.720000000000001,1.784,3.9311999999999996,6.8,6.901960784313727,7.960199004800001,6.9064,,4.2,0.7843137254901962
84,CO,Aurora,4.871648528589107,18,5.5765,2,4.0698,4,4.34912,5,7.142139947278432,4,3.3144379084967324,3,5.6530000000000005,5.5,0.8,5.9368,5.3584000000000005,4.183999999999999,,4.5200000000000005,4.7904,6.720000000000001,1.784,3.9311999999999996,6.8,6.901960784313727,7.960199004800001,6.9064,4.9590000000000005,4.2,0.7843137254901962
125,CO,Colorado Springs,4.932926306366884,18,6.0095,2,4.0698,4,4.34912,5,7.142139947278432,4,3.3934379084967325,3,4.445,7.574,0.8,5.9368,5.3584000000000005,4.183999999999999,,4.5200000000000005,4.7904,6.720000000000001,1.784,3.9311999999999996,6.8,6.901960784313727,7.960199004800001,6.9064,5.196,4.2,0.7843137254901962
145,CO,Denve,4.905148528589106,18,5.7595,2,4.0698,4,4.34912,5,7.142139947278432,4,3.3934379084967325,3,4.445,7.074,0.8,5.9368,5.3584000000000005,4.183999999999999,,4.5200000000000005,4.7904,6.720000000000001,1.784,3.9311999999999996,6.8,6.901960784313727,7.960199004800001,6.9064,5.196,4.2,0.7843137254901962
76,CO,Denver,5.017092973033551,18,6.6135,2,4.0698,4,4.34912,5,7.142139947278432,4,3.4957712418300653,3,6.1530000000000005,7.074,0.8,5.9368,5.3584000000000005,4.183999999999999,,4.5200000000000005,4.7904,6.720000000000001,1.784,3.9311999999999996,6.8,6.901960784313727,7.960199004800001,6.9064,5.503,4.2,0.7843137254901962
7,CT,,5.4268679396990205,16,4.9208,1,4.4012,4,5.6833599999999995,5,7.015989405854902,4,3.9117647058823533,2,,4.9208,2.88,5.348,4.9208,4.456,,5.568,5.4992,7.840000000000001,4.36,5.1496,6.8,6.431372549019608,7.4029850744,7.429600000000001,,5.0,2.823529411764706
175,CT,Bridgeport,5.452475707952019,17,6.439,1,4.4012,4,5.6833599999999995,5,7.015989405854902,4,4.055843137254902,3,,6.439,2.88,5.348,4.9208,4.456,,5.568,5.4992,7.840000000000001,4.36,5.1496,6.8,6.431372549019608,7.4029850744,7.429600000000001,4.343999999999999,5.0,2.823529411764706
169,CT,Hartford,5.459299237363783,17,6.555,1,4.4012,4,5.6833599999999995,5,7.015989405854902,4,4.055843137254902,3,,6.555,2.88,5.348,4.9208,4.456,,5.568,5.4992,7.840000000000001,4.36,5.1496,6.8,6.431372549019608,7.4029850744,7.429600000000001,4.343999999999999,5.0,2.823529411764706
165,CT,New Haven,5.482652178540254,17,6.634,1,4.4012,4,5.6833599999999995,5,7.015989405854902,4,4.161843137254902,3,,6.634,2.88,5.348,4.9208,4.456,,5.568,5.4992,7.840000000000001,4.36,5.1496,6.8,6.431372549019608,7.4029850744,7.429600000000001,4.662,5.0,2.823529411764706
8,DC,,5.0877371603692305,13,,0,4.171,4,4.6073,4,7.1068457712,4,2.6,1,,,,1.22,2.088,5.376,8.0,5.5600000000000005,5.4799999999999995,,2.8,4.5892,6.8,8.0,7.3233830848,6.304,,2.6,
60,DC,Washington,5.3239114428,16,6.978,2,4.171,4,4.6073,4,7.1068457712,4,3.843,2,7.01,6.946,,1.22,2.088,5.376,8.0,5.5600000000000005,5.4799999999999995,,2.8,4.5892,6.8,8.0,7.3233830848,6.304,5.086,2.6,
9,DE,,4.63164655154719,15,4.444,1,5.6166,4,4.2379999999999995,4,5.621702019282354,4,1.562745098039216,2,,4.444,5.92,5.7768,6.0016,4.768,,4.192,5.296,,2.6559999999999997,4.808,5.2,5.647058823529412,5.970149253600001,5.669600000000001,,1.4,1.7254901960784317
281,DE,Dover,4.619356142075491,16,4.444,1,5.6166,4,4.2379999999999995,4,5.621702019282354,4,2.520163398692811,3,,4.444,5.92,5.7768,6.0016,4.768,,4.192,5.296,,2.6559999999999997,4.808,5.2,5.647058823529412,5.970149253600001,5.669600000000001,4.4350000000000005,1.4,1.7254901960784317
246,DE,Wilmington,4.6600436420754905,16,4.444,1,5.6166,4,4.2379999999999995,4,5.621702019282354,4,2.737163398692811,3,,4.444,5.92,5.7768,6.0016,4.768,,4.192,5.296,,2.6559999999999997,4.808,5.2,5.647058823529412,5.970149253600001,5.669600000000001,5.086,1.4,1.7254901960784317
10,FL,,3.9545656716499997,16,3.8928,1,5.4834000000000005,4,3.10848,5,3.1819450395411764,4,4.588235294117647,2,,3.8928,5.279999999999999,6.0048,5.5208,5.127999999999999,,3.688,4.6016,0.64,2.2079999999999997,4.4048,3.6,2.823529411764706,2.0298507464,4.2744,,4.0,5.176470588235294
181,FL,Cape Coral,4.133779455670588,17,6.282,1,5.4834000000000005,4,3.10848,5,3.1819450395411764,4,4.596156862745098,3,,6.282,5.279999999999999,6.0048,5.5208,5.127999999999999,,3.688,4.6016,0.64,2.2079999999999997,4.4048,3.6,2.823529411764706,2.0298507464,4.2744,4.612,4.0,5.176470588235294
197,FL,Deltona,4.115426514494118,17,5.970000000000001,1,5.4834000000000005,4,3.10848,5,3.1819450395411764,4,4.596156862745098,3,,5.970000000000001,5.279999999999999,6.0048,5.5208,5.127999999999999,,3.688,4.6016,0.64,2.2079999999999997,4.4048,3.6,2.823529411764706,2.0298507464,4.2744,4.612,4.0,5.176470588235294
242,FL,Fort Lauderdale,4.146073573317646,17,5.970000000000001,1,5.4834000000000005,4,3.10848,5,3.1819450395411764,4,4.769823529411764,3,,5.970000000000001,5.279999999999999,6.0048,5.5208,5.127999999999999,,3.688,4.6016,0.64,2.2079999999999997,4.4048,3.6,2.823529411764706,2.0298507464,4.2744,5.133,4.0,5.176470588235294
273,FL,Hialeah,4.116014749788235,17,5.970000000000001,1,5.4834000000000005,4,3.10848,5,3.1819450395411764,4,4.599490196078431,3,,5.970000000000001,5.279999999999999,6.0048,5.5208,5.127999999999999,,3.688,4.6016,0.64,2.2079999999999997,4.4048,3.6,2.823529411764706,2.0298507464,4.2744,4.622,4.0,5.176470588235294
121,FL,Jacksonville,4.204276355073684,19,5.6865000000000006,2,5.246720000000001,5,3.10848,5,3.1819450395411764,4,4.668156862745097,3,4.49,6.883,5.279999999999999,6.0048,5.5208,5.127999999999999,4.3,3.688,4.6016,0.64,2.2079999999999997,4.4048,3.6,2.823529411764706,2.0298507464,4.2744,4.828,4.0,5.176470588235294
201,FL,Lakeland,4.1509605656,19,5.18,2,5.246720000000001,5,3.10848,5,3.1819450395411764,4,4.668156862745097,3,4.49,5.87,5.279999999999999,6.0048,5.5208,5.127999999999999,4.3,3.688,4.6016,0.64,2.2079999999999997,4.4048,3.6,2.823529411764706,2.0298507464,4.2744,4.828,4.0,5.176470588235294
97,FL,Miami,4.308381618231579,19,5.5649999999999995,2,5.63672,5,3.10848,5,3.1819450395411764,4,4.758490196078431,3,5.226,5.904,5.279999999999999,6.0048,5.5208,5.127999999999999,6.25,3.688,4.6016,0.64,2.2079999999999997,4.4048,3.6,2.823529411764706,2.0298507464,4.2744,5.099,4.0,5.176470588235294
222,FL,Naples,4.233855302442105,19,4.857,2,5.63672,5,3.10848,5,3.1819450395411764,4,4.758490196078431,3,5.226,4.488,5.279999999999999,6.0048,5.5208,5.127999999999999,6.25,3.688,4.6016,0.64,2.2079999999999997,4.4048,3.6,2.823529411764706,2.0298507464,4.2744,5.099,4.0,5.176470588235294
194,FL,Ocala,4.316644776126316,19,5.6434999999999995,2,5.63672,5,3.10848,5,3.1819450395411764,4,4.758490196078431,3,5.226,6.061,5.279999999999999,6.0048,5.5208,5.127999999999999,6.25,3.688,4.6016,0.64,2.2079999999999997,4.4048,3.6,2.823529411764706,2.0298507464,4.2744,5.099,4.0,5.176470588235294
133,FL,Orlando,4.33375003928421,19,5.3235,2,5.84672,5,3.10848,5,3.1819450395411764,4,4.730156862745098,3,4.017,6.63,5.279999999999999,6.0048,5.5208,5.127999999999999,7.3,3.688,4.6016,0.64,2.2079999999999997,4.4048,3.6,2.823529411764706,2.0298507464,4.2744,5.014,4.0,5.176470588235294
144,FL,Palm Bay,4.359434249810526,19,5.567500000000001,2,5.84672,5,3.10848,5,3.1819450395411764,4,4.730156862745098,3,4.017,7.118,5.279999999999999,6.0048,5.5208,5.127999999999999,7.3,3.688,4.6016,0.64,2.2079999999999997,4.4048,3.6,2.823529411764706,2.0298507464,4.2744,5.014,4.0,5.176470588235294
270,FL,Pembroke Pines,4.339381618231578,19,5.567500000000001,2,5.84672,5,3.10848,5,3.1819450395411764,4,4.603156862745098,3,4.017,7.118,5.279999999999999,6.0048,5.5208,5.127999999999999,7.3,3.688,4.6016,0.64,2.2079999999999997,4.4048,3.6,2.823529411764706,2.0298507464,4.2744,4.633,4.0,5.176470588235294
184,FL,Pensacola,4.2928553024421054,19,5.125500000000001,2,5.84672,5,3.10848,5,3.1819450395411764,4,4.603156862745098,3,4.017,6.234,5.279999999999999,6.0048,5.5208,5.127999999999999,7.3,3.688,4.6016,0.64,2.2079999999999997,4.4048,3.6,2.823529411764706,2.0298507464,4.2744,4.633,4.0,5.176470588235294
195,FL,Port St. Lucie,4.277381618231579,19,5.03,2,5.84672,5,3.10848,5,3.1819450395411764,4,4.568823529411765,3,4.017,6.043,5.279999999999999,6.0048,5.5208,5.127999999999999,7.3,3.688,4.6016,0.64,2.2079999999999997,4.4048,3.6,2.823529411764706,2.0298507464,4.2744,4.529999999999999,4.0,5.176470588235294
162,FL,Sarasota,4.3101184603368425,19,5.341000000000001,2,5.84672,5,3.10848,5,3.1819450395411764,4,4.568823529411765,3,4.017,6.665000000000001,5.279999999999999,6.0048,5.5208,5.127999999999999,7.3,3.688,4.6016,0.64,2.2079999999999997,4.4048,3.6,2.823529411764706,2.0298507464,4.2744,4.529999999999999,4.0,5.176470588235294
102,FL,St. Petersburg,4.403539512968421,19,5.900500000000001,2,5.84672,5,3.10848,5,3.1819450395411764,4,4.787490196078431,3,5.136,6.665000000000001,5.279999999999999,6.0048,5.5208,5.127999999999999,7.3,3.688,4.6016,0.64,2.2079999999999997,4.4048,3.6,2.823529411764706,2.0298507464,4.2744,5.186,4.0,5.176470588235294
208,FL,Tallahassee,4.294223723494737,19,5.4565,2,5.84672,5,3.10848,5,3.1819450395411764,4,4.391156862745098,3,5.136,5.777,5.279999999999999,6.0048,5.5208,5.127999999999999,7.3,3.688,4.6016,0.64,2.2079999999999997,4.4048,3.6,2.823529411764706,2.0298507464,4.2744,3.997,4.0,5.176470588235294
107,FL,Tampa,4.3356447761263155,19,5.4125,2,5.84672,5,3.10848,5,3.1819450395411764,4,4.682823529411764,3,5.048,5.777,5.279999999999999,6.0048,5.5208,5.127999999999999,7.3,3.688,4.6016,0.64,2.2079999999999997,4.4048,3.6,2.823529411764706,2.0298507464,4.2744,4.872,4.0,5.176470588235294
227,FL,Tampa Bay,4.214592144547368,19,5.4125,2,5.38672,5,3.10848,5,3.1819450395411764,4,4.682823529411764,3,5.048,5.777,5.279999999999999,6.0048,5.5208,5.127999999999999,5.0,3.688,4.6016,0.64,2.2079999999999997,4.4048,3.6,2.823529411764706,2.0298507464,4.2744,4.872,4.0,5.176470588235294
161,FL,Tampa-St. Petersburg,4.261434249810526,19,5.8575,2,5.38672,5,3.10848,5,3.1819450395411764,4,4.682823529411764,3,5.048,6.667,5.279999999999999,6.0048,5.5208,5.127999999999999,5.0,3.688,4.6016,0.64,2.2079999999999997,4.4048,3.6,2.823529411764706,2.0298507464,4.2744,4.872,4.0,5.176470588235294
11,GA,,3.84009336844549,15,4.6624,1,5.257999999999999,4,2.961,4,2.693201112062745,4,4.645098039215686,2,,4.6624,4.8,5.427999999999999,5.676,5.127999999999999,,3.056,3.7088,,1.56,3.5192,1.2,3.9215686274509807,1.4328358208,4.2184,,3.8,5.490196078431373
81,GA,Atlanta,4.489527807037908,18,7.454750000000001,2,5.876399999999999,5,2.961,4,2.693201112062745,4,4.634398692810458,3,8.3505,6.559,4.8,5.427999999999999,5.676,5.127999999999999,8.35,3.056,3.7088,,1.56,3.5192,1.2,3.9215686274509807,1.4328358208,4.2184,4.613,3.8,5.490196078431373
186,GA,Augusta,4.11675002926013,18,7.28225,2,4.606399999999999,5,2.961,4,2.693201112062745,4,4.629398692810457,3,8.3505,6.214,4.8,5.427999999999999,5.676,5.127999999999999,2.0,3.056,3.7088,,1.56,3.5192,1.2,3.9215686274509807,1.4328358208,4.2184,4.598,3.8,5.490196078431373
286,GA,Columbus,4.102805584815687,18,7.28225,2,4.606399999999999,5,2.961,4,2.693201112062745,4,4.54573202614379,3,8.3505,6.214,4.8,5.427999999999999,5.676,5.127999999999999,2.0,3.056,3.7088,,1.56,3.5192,1.2,3.9215686274509807,1.4328358208,4.2184,4.3469999999999995,3.8,5.490196078431373
171,GA,Savannah,4.119250029260131,18,7.43025,2,4.606399999999999,5,2.961,4,2.693201112062745,4,4.54573202614379,3,8.3505,6.51,4.8,5.427999999999999,5.676,5.127999999999999,2.0,3.056,3.7088,,1.56,3.5192,1.2,3.9215686274509807,1.4328358208,4.2184,4.3469999999999995,3.8,5.490196078431373
12,GU,,2.2686567168,1,,0,,0,,0,2.2686567168,1,,0,,,,,,,,,,,,,,,2.2686567168,,,,
13,HI,,6.035893781083333,16,4.7624,1,6.659599999999999,4,5.37472,5,6.442622183156863,4,6.264705882352941,2,,4.7624,8.0,6.2703999999999995,6.287999999999999,6.08,,5.008,5.2224,7.359999999999999,3.96,5.323200000000001,6.4,5.803921568627452,6.686567164,6.88,,5.0,7.529411764705882
69,HI,Honolulu,6.119438916518518,18,6.8225,2,6.659599999999999,4,5.37472,5,6.442622183156863,4,5.740803921568627,3,6.581999999999999,7.063,8.0,6.2703999999999995,6.287999999999999,6.08,,5.008,5.2224,7.359999999999999,3.96,5.323200000000001,6.4,5.803921568627452,6.686567164,6.88,4.693,5.0,7.529411764705882
289,HI,Pearl City,6.097383360962962,18,6.8225,2,6.659599999999999,4,5.37472,5,6.442622183156863,4,5.608470588235295,3,6.581999999999999,7.063,8.0,6.2703999999999995,6.287999999999999,6.08,,5.008,5.2224,7.359999999999999,3.96,5.323200000000001,6.4,5.803921568627452,6.686567164,6.88,4.296,5.0,7.529411764705882
14,IA,,3.749065199480262,15,3.2024,1,3.5842,4,3.7912,4,4.298680772560784,4,3.1686274509803924,2,,3.2024,3.84,4.1152,3.9176,2.464,,4.168,4.688000000000001,,1.136,5.1728,4.0,4.549019607843137,4.1393034824,4.5064,,3.2,3.1372549019607847
256,IA,Cedar Rapids,3.823248624512745,16,3.2024,1,3.5842,4,3.7912,4,4.298680772560784,4,3.7577516339869277,3,,3.2024,3.84,4.1152,3.9176,2.464,,4.168,4.688000000000001,,1.136,5.1728,4.0,4.549019607843137,4.1393034824,4.5064,4.936,3.2,3.1372549019607847
182,IA,Davenport,4.013473624512745,16,6.246,1,3.5842,4,3.7912,4,4.298680772560784,4,3.7577516339869277,3,,6.246,3.84,4.1152,3.9176,2.464,,4.168,4.688000000000001,,1.136,5.1728,4.0,4.549019607843137,4.1393034824,4.5064,4.936,3.2,3.1372549019607847
209,IA,Des Moines,3.9895986245127446,16,5.762,1,3.5842,4,3.7912,4,4.298680772560784,4,3.791751633986928,3,,5.762,3.84,4.1152,3.9176,2.464,,4.168,4.688000000000001,,1.136,5.1728,4.0,4.549019607843137,4.1393034824,4.5064,5.038,3.2,3.1372549019607847
15,ID,,2.8348708379691505,15,4.1248000000000005,1,4.0678,4,2.0176000000000003,4,2.0229891717960786,4,2.9823529411764707,2,,4.1248000000000005,2.08,5.772799999999999,5.5464,2.872,,2.968,1.304,,0.264,3.5344,0.8,1.254901960784314,2.1890547263999998,3.8480000000000003,,2.2,3.764705882352941
269,ID,Boise,2.9474414105960784,16,4.1248000000000005,1,4.0678,4,2.0176000000000003,4,2.0229891717960786,4,3.5335686274509803,3,,4.1248000000000005,2.08,5.772799999999999,5.5464,2.872,,2.968,1.304,,0.264,3.5344,0.8,1.254901960784314,2.1890547263999998,3.8480000000000003,4.636,2.2,3.764705882352941
180,ID,Boise City,3.0833914105960787,16,6.3,1,4.0678,4,2.0176000000000003,4,2.0229891717960786,4,3.5335686274509803,3,,6.3,2.08,5.772799999999999,5.5464,2.872,,2.968,1.304,,0.264,3.5344,0.8,1.254901960784314,2.1890547263999998,3.8480000000000003,4.636,2.2,3.764705882352941
290,ID,Nampa,3.0618914105960786,16,6.3,1,4.0678,4,2.0176000000000003,4,2.0229891717960786,4,3.418901960784314,3,,6.3,2.08,5.772799999999999,5.5464,2.872,,2.968,1.304,,0.264,3.5344,0.8,1.254901960784314,2.1890547263999998,3.8480000000000003,4.292,2.2,3.764705882352941
16,IL,,4.87628357035817,15,4.1128,1,4.0328,4,4.6702,4,6.792118290803922,4,3.5254901960784317,2,,4.1128,3.2,3.692,4.4152000000000005,4.824,,4.816000000000001,5.7456,,3.304,4.8152,6.4,6.745098039215686,7.004975124,7.0184,,3.6,3.4509803921568634
283,IL,Aurora,4.847140847210785,16,4.1128,1,4.0328,4,4.6702,4,6.792118290803922,4,3.8203267973856208,3,,4.1128,3.2,3.692,4.4152000000000005,4.824,,4.816000000000001,5.7456,,3.304,4.8152,6.4,6.745098039215686,7.004975124,7.0184,4.41,3.6,3.4509803921568634
77,IL,Chicago,5.072909032668973,17,6.047499999999999,2,4.0328,4,4.6702,4,6.792118290803922,4,4.054660130718955,3,6.14,5.955,3.2,3.692,4.4152000000000005,4.824,,4.816000000000001,5.7456,,3.304,4.8152,6.4,6.745098039215686,7.004975124,7.0184,5.113,3.6,3.4509803921568634
217,IL,Peoria,5.037261973845443,17,5.7445,2,4.0328,4,4.6702,4,6.792118290803922,4,4.054660130718955,3,6.14,5.349,3.2,3.692,4.4152000000000005,4.824,,4.816000000000001,5.7456,,3.304,4.8152,6.4,6.745098039215686,7.004975124,7.0184,5.113,3.6,3.4509803921568634
205,IL,Rockford,5.065850209139562,17,5.9875,2,4.0328,4,4.6702,4,6.792118290803922,4,4.054660130718955,3,6.14,5.835,3.2,3.692,4.4152000000000005,4.824,,4.816000000000001,5.7456,,3.304,4.8152,6.4,6.745098039215686,7.004975124,7.0184,5.113,3.6,3.4509803921568634
17,IN,,3.529905546759738,15,4.7224,1,4.7152,4,2.8737999999999997,4,2.516565408192157,4,3.901960784313726,2,,4.7224,5.6,4.9088,5.048,3.304,,3.4799999999999995,2.9024,,1.04,4.072799999999999,1.2,2.509803921568628,2.3084577112,4.048,,2.0,5.803921568627452
207,IN,Evansville,3.6005455467597387,15,5.782,1,4.7152,4,2.8737999999999997,4,2.516565408192157,4,3.901960784313726,2,,5.782,5.6,4.9088,5.048,3.304,,3.4799999999999995,2.9024,,1.04,4.072799999999999,1.2,2.509803921568628,2.3084577112,4.048,,2.0,5.803921568627452
134,IN,Fort Wayne,3.702187247140946,17,5.212,2,4.7152,4,2.8737999999999997,4,2.516565408192157,4,4.030307189542484,3,3.742,6.6819999999999995,5.6,4.9088,5.048,3.304,,3.4799999999999995,2.9024,,1.04,4.072799999999999,1.2,2.509803921568628,2.3084577112,4.048,4.287,2.0,5.803921568627452
132,IN,Indianapolis,3.824899066744227,18,5.4285,2,4.73216,5,2.8737999999999997,4,2.516565408192157,4,4.2563071895424835,3,4.086,6.770999999999999,5.6,4.9088,5.048,3.304,4.8,3.4799999999999995,2.9024,,1.04,4.072799999999999,1.2,2.509803921568628,2.3084577112,4.048,4.965,2.0,5.803921568627452
174,IN,South Bend,3.8076212889664496,18,5.273,2,4.73216,5,2.8737999999999997,4,2.516565408192157,4,4.2563071895424835,3,4.086,6.459999999999999,5.6,4.9088,5.048,3.304,4.8,3.4799999999999995,2.9024,,1.04,4.072799999999999,1.2,2.509803921568628,2.3084577112,4.048,4.965,2.0,5.803921568627452
18,KS,,3.44010810263634,15,5.365599999999999,1,3.9038,4,3.2838000000000003,4,3.1939544044941175,4,2.3549019607843142,2,,5.365599999999999,1.92,5.2288,4.8344000000000005,3.632,,3.88,3.7552,,1.512,3.9880000000000004,3.6,1.8823529411764706,2.5870646768,4.7064,,2.2,2.509803921568628
232,KS,Overland Park,3.5703513462215684,16,5.365599999999999,1,3.9038,4,3.2838000000000003,4,3.1939544044941175,4,3.411267973856209,3,,5.365599999999999,1.92,5.2288,4.8344000000000005,3.632,,3.88,3.7552,,1.512,3.9880000000000004,3.6,1.8823529411764706,2.5870646768,4.7064,5.524,2.2,2.509803921568628
135,KS,Wichita,3.619236561149712,17,5.359,2,3.9038,4,3.2838000000000003,4,3.1939544044941175,4,3.094267973856209,3,3.934,6.784000000000001,1.92,5.2288,4.8344000000000005,3.632,,3.88,3.7552,,1.512,3.9880000000000004,3.6,1.8823529411764706,2.5870646768,4.7064,4.5729999999999995,2.2,2.509803921568628
19,KY,,3.477093385988235,16,3.964,1,5.505399999999999,4,2.12176,5,3.1078127596392155,4,3.303921568627451,2,,3.964,7.68,5.9456,5.772,2.6239999999999997,,2.216,1.9216000000000002,0.32,1.3439999999999999,4.8072,2.4,3.4509803921568634,2.8258706464,3.7543999999999995,,3.0,3.607843137254902
108,KY,Lexington,3.73708789269481,17,5.9305,2,5.505399999999999,4,2.12176,5,3.1078127596392155,4,3.303921568627451,2,5.013,6.848000000000001,7.68,5.9456,5.772,2.6239999999999997,,2.216,1.9216000000000002,0.32,1.3439999999999999,4.8072,2.4,3.4509803921568634,2.8258706464,3.7543999999999995,,3.0,3.607843137254902
251,KY,Lexington-Fayette,3.8086385653228754,18,5.9305,2,5.505399999999999,4,2.12176,5,3.1078127596392155,4,3.8776143790849673,3,5.013,6.848000000000001,7.68,5.9456,5.772,2.6239999999999997,,2.216,1.9216000000000002,0.32,1.3439999999999999,4.8072,2.4,3.4509803921568634,2.8258706464,3.7543999999999995,5.025,3.0,3.607843137254902
126,KY,Louisville,3.750471898656209,18,5.4030000000000005,2,5.505399999999999,4,2.12176,5,3.1078127596392155,4,3.8802810457516337,3,4.362,6.444,7.68,5.9456,5.772,2.6239999999999997,,2.216,1.9216000000000002,0.32,1.3439999999999999,4.8072,2.4,3.4509803921568634,2.8258706464,3.7543999999999995,5.0329999999999995,3.0,3.607843137254902
20,LA,,2.669166294018928,15,2.9351999999999996,1,4.0032,4,2.1231999999999998,4,1.458977524139608,4,3.380392156862745,2,,2.9351999999999996,2.2399999999999998,4.5064,4.5784,4.688000000000001,,1.3359999999999999,2.0848,,1.024,4.048,0.4,1.7254901960784317,0.79601990048,2.9143999999999997,,0.8,5.96078431372549
140,LA,Baton Rouge,3.032899671193172,17,5.9719999999999995,1,4.00256,5,2.1231999999999998,4,1.458977524139608,4,3.74859477124183,3,,5.9719999999999995,2.2399999999999998,4.5064,4.5784,4.688000000000001,4.0,1.3359999999999999,2.0848,,1.024,4.048,0.4,1.7254901960784317,0.79601990048,2.9143999999999997,4.485,0.8,5.96078431372549
123,LA,New Orleans,3.048683022793551,18,5.0305,2,3.81256,5,2.1231999999999998,4,1.458977524139608,4,3.8079281045751636,3,4.455,5.606,2.2399999999999998,4.5064,4.5784,4.688000000000001,3.05,1.3359999999999999,2.0848,,1.024,4.048,0.4,1.7254901960784317,0.79601990048,2.9143999999999997,4.663,0.8,5.96078431372549
203,LA,Shreveport,3.0331274672379953,18,5.15,2,3.81256,5,2.1231999999999998,4,1.458977524139608,4,3.634928104575163,3,4.455,5.845000000000001,2.2399999999999998,4.5064,4.5784,4.688000000000001,3.05,1.3359999999999999,2.0848,,1.024,4.048,0.4,1.7254901960784317,0.79601990048,2.9143999999999997,4.144,0.8,5.96078431372549
21,MA,,5.39563287972353,16,5.0,1,4.921,4,5.38096,5,7.025527597325491,4,3.3196078431372547,2,,5.0,4.96,5.5696,5.0264,4.128,,5.672000000000001,5.0448,7.840000000000001,3.096,5.252000000000001,6.0,7.843137254901961,6.9253731344,7.3336,,4.6,2.03921568627451
62,MA,Boston,5.717585582925078,19,6.7065,2,5.736800000000001,5,5.38096,5,7.025527597325491,4,3.84340522875817,3,6.952,6.461,4.96,5.5696,5.0264,4.128,9.0,5.672000000000001,5.0448,7.840000000000001,3.096,5.252000000000001,6.0,7.843137254901961,6.9253731344,7.3336,4.891,4.6,2.03921568627451
179,MA,Springfield,5.709164530293499,19,6.6265,2,5.736800000000001,5,5.38096,5,7.025527597325491,4,3.84340522875817,3,6.952,6.301,4.96,5.5696,5.0264,4.128,9.0,5.672000000000001,5.0448,7.840000000000001,3.096,5.252000000000001,6.0,7.843137254901961,6.9253731344,7.3336,4.891,4.6,2.03921568627451
151,MA,Worcester,5.739480319767184,19,6.92,2,5.736800000000001,5,5.38096,5,7.025527597325491,4,3.839738562091503,3,6.952,6.888,4.96,5.5696,5.0264,4.128,9.0,5.672000000000001,5.0448,7.840000000000001,3.096,5.252000000000001,6.0,7.843137254901961,6.9253731344,7.3336,4.88,4.6,2.03921568627451
22,MD,,5.379119812719608,16,5.2248,1,5.95,4,5.579199999999999,5,5.894122388133334,4,2.784313725490196,2,,5.2248,6.88,5.8112,5.7248,5.3839999999999995,,5.112,6.4464,7.359999999999999,4.168,4.8096,5.6,5.333333333333334,6.2487562192,6.3944,,4.0,1.5686274509803924
79,MD,Baltimore,5.577258789658617,19,5.606400000000001,2,6.529999999999999,5,5.579199999999999,5,5.894122388133334,4,3.544209150326797,3,5.988,5.2248,6.88,5.8112,5.7248,5.3839999999999995,8.85,5.112,6.4464,7.359999999999999,4.168,4.8096,5.6,5.333333333333334,6.2487562192,6.3944,5.064,4.0,1.5686274509803924
149,MD,Baltimore-Towson,5.669427210711248,19,6.482000000000001,2,6.529999999999999,5,5.579199999999999,5,5.894122388133334,4,3.544209150326797,3,5.988,6.976000000000001,6.88,5.8112,5.7248,5.3839999999999995,8.85,5.112,6.4464,7.359999999999999,4.168,4.8096,5.6,5.333333333333334,6.2487562192,6.3944,5.064,4.0,1.5686274509803924
229,MD,Columbia,5.697532473869143,19,6.482000000000001,2,6.529999999999999,5,5.579199999999999,5,5.894122388133334,4,3.722209150326797,3,5.988,6.976000000000001,6.88,5.8112,5.7248,5.3839999999999995,8.85,5.112,6.4464,7.359999999999999,4.168,4.8096,5.6,5.333333333333334,6.2487562192,6.3944,5.598,4.0,1.5686274509803924
23,ME,,5.092246254025491,16,5.127999999999999,1,4.599,4,5.408799999999999,5,7.148553643552942,4,1.1568627450980393,2,,5.127999999999999,6.4,5.5527999999999995,4.9632,1.48,,5.056,6.1024,6.4,4.208,5.2776,6.8,7.058823529411765,7.6417910448,7.0936,,2.0,0.3137254901960785
254,ME,Lewiston,5.086290592023992,17,5.127999999999999,1,4.599,4,5.408799999999999,5,7.148553643552942,4,2.434908496732026,3,,5.127999999999999,6.4,5.5527999999999995,4.9632,1.48,,5.056,6.1024,6.4,4.208,5.2776,6.8,7.058823529411765,7.6417910448,7.0936,4.991,2.0,0.3137254901960785
235,ME,Portland,5.108761180259286,17,5.127999999999999,1,4.599,4,5.408799999999999,5,7.148553643552942,4,2.5622418300653593,3,,5.127999999999999,6.4,5.5527999999999995,4.9632,1.48,,5.056,6.1024,6.4,4.208,5.2776,6.8,7.058823529411765,7.6417910448,7.0936,5.372999999999999,2.0,0.3137254901960785
24,MI,,4.091438025572811,15,3.9512,1,4.5531999999999995,4,3.6004000000000005,4,4.192669066486275,4,4.017647058823529,2,,3.9512,5.76,4.4544,4.3824,3.6160000000000005,,4.216,3.6624000000000003,,1.3199999999999998,5.203200000000001,1.6,4.392156862745098,4.7761194032,6.0024,,3.8,4.23529411764706
141,MI,Ann Arbor,4.33635802557281,15,7.625,1,4.5531999999999995,4,3.6004000000000005,4,4.192669066486275,4,4.017647058823529,2,,7.625,5.76,4.4544,4.3824,3.6160000000000005,,4.216,3.6624000000000003,,1.3199999999999998,5.203200000000001,1.6,4.392156862745098,4.7761194032,6.0024,,3.8,4.23529411764706
85,MI,Detroit,4.229853910199564,18,5.859,2,4.14256,5,3.6004000000000005,4,4.192669066486275,4,4.178098039215686,3,5.622999999999999,6.095000000000001,5.76,4.4544,4.3824,3.6160000000000005,2.5,4.216,3.6624000000000003,,1.3199999999999998,5.203200000000001,1.6,4.392156862745098,4.7761194032,6.0024,4.4990000000000006,3.8,4.23529411764706
211,MI,Flint,4.210798354644009,18,5.6875,2,4.14256,5,3.6004000000000005,4,4.192669066486275,4,4.178098039215686,3,5.622999999999999,5.752000000000001,5.76,4.4544,4.3824,3.6160000000000005,2.5,4.216,3.6624000000000003,,1.3199999999999998,5.203200000000001,1.6,4.392156862745098,4.7761194032,6.0024,4.4990000000000006,3.8,4.23529411764706
199,MI,Grand Rapids,4.2531316879773415,18,5.772499999999999,2,4.14256,5,3.6004000000000005,4,4.192669066486275,4,4.375431372549019,3,5.622999999999999,5.922,5.76,4.4544,4.3824,3.6160000000000005,2.5,4.216,3.6624000000000003,,1.3199999999999998,5.203200000000001,1.6,4.392156862745098,4.7761194032,6.0024,5.090999999999999,3.8,4.23529411764706
166,MI,Kalamazoo,4.291742799088453,18,6.119999999999999,2,4.14256,5,3.6004000000000005,4,4.192669066486275,4,4.375431372549019,3,5.622999999999999,6.617,5.76,4.4544,4.3824,3.6160000000000005,2.5,4.216,3.6624000000000003,,1.3199999999999998,5.203200000000001,1.6,4.392156862745098,4.7761194032,6.0024,5.090999999999999,3.8,4.23529411764706
158,MI,Lansing-East Lansing,4.298242799088452,18,6.1785,2,4.14256,5,3.6004000000000005,4,4.192669066486275,4,4.375431372549019,3,5.622999999999999,6.734,5.76,4.4544,4.3824,3.6160000000000005,2.5,4.216,3.6624000000000003,,1.3199999999999998,5.203200000000001,1.6,4.392156862745098,4.7761194032,6.0024,5.090999999999999,3.8,4.23529411764706
25,MN,,4.629638513326471,16,3.5927999999999995,1,3.7428000000000003,4,5.14928,5,6.1664442493843135,4,2.549019607843137,2,,3.5927999999999995,3.3600000000000003,4.3096,4.0616,3.2399999999999998,,4.848000000000001,4.5920000000000005,8.0,3.112,5.1944,6.0,5.019607843137256,6.766169154399999,6.88,,4.0,1.0980392156862746
73,MN,Minneapolis,4.89749559016966,19,5.454000000000001,2,4.194240000000001,5,5.14928,5,6.1664442493843135,4,3.587013071895425,3,6.348,4.5600000000000005,3.3600000000000003,4.3096,4.0616,3.2399999999999998,6.0,4.848000000000001,4.5920000000000005,8.0,3.112,5.1944,6.0,5.019607843137256,6.766169154399999,6.88,5.663,4.0,1.0980392156862746
75,MN,St. Paul,4.8757587480643965,19,5.366,2,4.194240000000001,5,5.14928,5,6.1664442493843135,4,3.5080130718954248,3,6.172,4.5600000000000005,3.3600000000000003,4.3096,4.0616,3.2399999999999998,6.0,4.848000000000001,4.5920000000000005,8.0,3.112,5.1944,6.0,5.019607843137256,6.766169154399999,6.88,5.426,4.0,1.0980392156862746
26,MO,,3.3370874256156866,15,4.6544,1,5.158,4,2.7678000000000003,4,2.571736669588235,4,1.7058823529411766,2,,4.6544,6.720000000000001,5.504,5.144,3.2640000000000002,,3.048,3.6239999999999997,,0.176,4.2232,0.8,3.764705882352941,1.6318407959999999,4.090400000000001,,2.0,1.411764705882353
118,MO,Kansas City,3.697050632457516,18,5.6825,2,5.0464,5,2.7678000000000003,4,2.571736669588235,4,2.863921568627451,3,4.726,6.639,6.720000000000001,5.504,5.144,3.2640000000000002,4.6,3.048,3.6239999999999997,,0.176,4.2232,0.8,3.764705882352941,1.6318407959999999,4.090400000000001,5.18,2.0,1.411764705882353
176,MO,Springfield,3.667717299124183,18,5.5815,2,5.0464,5,2.7678000000000003,4,2.571736669588235,4,2.755254901960784,3,4.726,6.437,6.720000000000001,5.504,5.144,3.2640000000000002,4.6,3.048,3.6239999999999997,,0.176,4.2232,0.8,3.764705882352941,1.6318407959999999,4.090400000000001,4.854,2.0,1.411764705882353
114,MO,St. Louis,3.6634395213464055,18,5.67,2,4.846400000000001,5,2.7678000000000003,4,2.571736669588235,4,3.003921568627451,3,4.8340000000000005,6.506,6.720000000000001,5.504,5.144,3.2640000000000002,3.6,3.048,3.6239999999999997,,0.176,4.2232,0.8,3.764705882352941,1.6318407959999999,4.090400000000001,5.6,2.0,1.411764705882353
27,MS,,2.75041717882451,16,1.732,1,4.6335999999999995,4,1.9851199999999998,5,1.2928844015725491,4,4.321568627450981,2,,1.732,4.64,4.796,4.626399999999999,4.4719999999999995,,1.456,3.1104000000000003,0.0,1.272,4.0872,0.4,0.7843137254901962,0.9552238808,3.032,,0.8,7.843137254901961
294,MS,Gulfport,2.79551028595248,17,1.732,1,4.6335999999999995,4,1.9851199999999998,5,1.2928844015725491,4,4.053379084967321,3,,1.732,4.64,4.796,4.626399999999999,4.4719999999999995,,1.456,3.1104000000000003,0.0,1.272,4.0872,0.4,0.7843137254901962,0.9552238808,3.032,3.5170000000000003,0.8,7.843137254901961
219,MS,Jackson,3.089537492288453,18,5.0969999999999995,1,4.53088,5,1.9851199999999998,5,1.2928844015725491,4,4.25437908496732,3,,5.0969999999999995,4.64,4.796,4.626399999999999,4.4719999999999995,4.12,1.456,3.1104000000000003,0.0,1.272,4.0872,0.4,0.7843137254901962,0.9552238808,3.032,4.12,0.8,7.843137254901961
28,MT,,3.7418544298321574,15,4.5775999999999994,1,4.5174,4,3.7278000000000002,4,2.406079602066667,4,4.472549019607843,2,,4.5775999999999994,4.16,5.8016,5.7,2.4080000000000004,,3.568,3.72,,3.152,4.4712000000000005,1.2,2.666666666666667,2.0696517416,3.688,,2.2,6.745098039215686
247,MT,Billings,3.824863527967647,16,4.5775999999999994,1,4.5174,4,3.7278000000000002,4,2.406079602066667,4,4.671699346405229,3,,4.5775999999999994,4.16,5.8016,5.7,2.4080000000000004,,3.568,3.72,,3.152,4.4712000000000005,1.2,2.666666666666667,2.0696517416,3.688,5.07,2.2,6.745098039215686
248,MT,Missoula,3.8247385279676474,16,4.5775999999999994,1,4.5174,4,3.7278000000000002,4,2.406079602066667,4,4.671032679738562,3,,4.5775999999999994,4.16,5.8016,5.7,2.4080000000000004,,3.568,3.72,,3.152,4.4712000000000005,1.2,2.666666666666667,2.0696517416,3.688,5.068,2.2,6.745098039215686
29,NC,,3.925510736492549,15,4.6608,1,4.8938,4,3.571,4,3.274978987337255,4,3.6313725490196083,2,,4.6608,4.0,5.650399999999999,5.2928,4.632,,3.568,3.8608,,2.3760000000000003,4.4792000000000005,1.2,4.07843137254902,3.3830845768000004,4.4384,,2.4,4.862745098039216
196,NC,Asheville,4.015924069825882,15,6.017,1,4.8938,4,3.571,4,3.274978987337255,4,3.6313725490196083,2,,6.017,4.0,5.650399999999999,5.2928,4.632,,3.568,3.8608,,2.3760000000000003,4.4792000000000005,1.2,4.07843137254902,3.3830845768000004,4.4384,,2.4,4.862745098039216
110,NC,Charlotte,4.291658947077124,18,5.864,2,5.31504,5,3.571,4,3.274978987337255,4,3.854248366013072,3,4.993,6.734999999999999,4.0,5.650399999999999,5.2928,4.632,7.0,3.568,3.8608,,2.3760000000000003,4.4792000000000005,1.2,4.07843137254902,3.3830845768000004,4.4384,4.3,2.4,4.862745098039216
111,NC,Durham,4.310603391521569,18,5.833,2,5.31504,5,3.571,4,3.274978987337255,4,3.988581699346405,3,4.946,6.720000000000001,4.0,5.650399999999999,5.2928,4.632,7.0,3.568,3.8608,,2.3760000000000003,4.4792000000000005,1.2,4.07843137254902,3.3830845768000004,4.4384,4.703,2.4,4.862745098039216
172,NC,Fayetteville,4.267936724854902,18,5.726,2,5.31504,5,3.571,4,3.274978987337255,4,3.8039150326797384,3,4.946,6.506,4.0,5.650399999999999,5.2928,4.632,7.0,3.568,3.8608,,2.3760000000000003,4.4792000000000005,1.2,4.07843137254902,3.3830845768000004,4.4384,4.149,2.4,4.862745098039216
122,NC,Greensboro,4.332658947077125,18,5.5465,2,5.61504,5,3.571,4,3.274978987337255,4,3.811915032679739,3,4.479,6.614,4.0,5.650399999999999,5.2928,4.632,8.5,3.568,3.8608,,2.3760000000000003,4.4792000000000005,1.2,4.07843137254902,3.3830845768000004,4.4384,4.173,2.4,4.862745098039216
188,NC,Hickory,4.308825613743791,18,5.332000000000001,2,5.61504,5,3.571,4,3.274978987337255,4,3.811915032679739,3,4.479,6.1850000000000005,4.0,5.650399999999999,5.2928,4.632,8.5,3.568,3.8608,,2.3760000000000003,4.4792000000000005,1.2,4.07843137254902,3.3830845768000004,4.4384,4.173,2.4,4.862745098039216
88,NC,Raleigh,4.415103391521569,18,5.864000000000001,2,5.635039999999999,5,3.571,4,3.274978987337255,4,4.061581699346405,3,5.543,6.1850000000000005,4.0,5.650399999999999,5.2928,4.632,8.6,3.568,3.8608,,2.3760000000000003,4.4792000000000005,1.2,4.07843137254902,3.3830845768000004,4.4384,4.922,2.4,4.862745098039216
152,NC,Raleigh-Cary,4.45271450263268,18,6.202500000000001,2,5.635039999999999,5,3.571,4,3.274978987337255,4,4.061581699346405,3,5.543,6.862,4.0,5.650399999999999,5.2928,4.632,8.6,3.568,3.8608,,2.3760000000000003,4.4792000000000005,1.2,4.07843137254902,3.3830845768000004,4.4384,4.922,2.4,4.862745098039216
154,NC,Wilmington,4.449547835966013,18,6.1739999999999995,2,5.635039999999999,5,3.571,4,3.274978987337255,4,4.061581699346405,3,5.543,6.805,4.0,5.650399999999999,5.2928,4.632,8.6,3.568,3.8608,,2.3760000000000003,4.4792000000000005,1.2,4.07843137254902,3.3830845768000004,4.4384,4.922,2.4,4.862745098039216
187,NC,Winston,4.416658947077124,18,5.878,2,5.635039999999999,5,3.571,4,3.274978987337255,4,4.061581699346405,3,5.543,6.213,4.0,5.650399999999999,5.2928,4.632,8.6,3.568,3.8608,,2.3760000000000003,4.4792000000000005,1.2,4.07843137254902,3.3830845768000004,4.4384,4.922,2.4,4.862745098039216
129,NC,Winston-Salem,4.288158947077124,18,5.1605,2,5.635039999999999,5,3.571,4,3.274978987337255,4,3.7689150326797383,3,4.108,6.213,4.0,5.650399999999999,5.2928,4.632,8.6,3.568,3.8608,,2.3760000000000003,4.4792000000000005,1.2,4.07843137254902,3.3830845768000004,4.4384,4.044,2.4,4.862745098039216
30,ND,,3.0524832933563397,15,3.0528,1,2.9204,4,3.2524,4,3.747086859890196,4,1.527450980392157,2,,3.0528,0.32,4.548,4.2056,2.608,,4.232,3.7184,,0.624,4.4352,3.2,3.1372549019607847,3.7014925376,4.949599999999999,,1.8,1.254901960784314
293,ND,Bismarck,3.1220155875215685,16,3.0528,1,2.9204,4,3.2524,4,3.747086859890196,4,2.4066339869281044,3,,3.0528,0.32,4.548,4.2056,2.608,,4.232,3.7184,,0.624,4.4352,3.2,3.1372549019607847,3.7014925376,4.949599999999999,4.165,1.8,1.254901960784314
252,ND,Fargo,3.1752030875215684,16,3.0528,1,2.9204,4,3.2524,4,3.747086859890196,4,2.6903006535947713,3,,3.0528,0.32,4.548,4.2056,2.608,,4.232,3.7184,,0.624,4.4352,3.2,3.1372549019607847,3.7014925376,4.949599999999999,5.016,1.8,1.254901960784314
31,NE,,3.028688806942745,15,4.24,1,3.3676000000000004,4,3.2114,4,2.5519163593686276,4,2.3333333333333335,2,,4.24,1.1199999999999999,4.8696,4.2168,3.2640000000000002,,4.296,3.872,,0.48,4.1975999999999996,2.0,2.03921568627451,1.9900497512000002,4.1784,,2.0,2.666666666666667
92,NE,Lincoln,3.3025489473024225,17,4.8759999999999994,2,3.3676000000000004,4,3.2114,4,2.5519163593686276,4,3.289222222222222,3,5.512,4.24,1.1199999999999999,4.8696,4.2168,3.2640000000000002,,4.296,3.872,,0.48,4.1975999999999996,2.0,2.03921568627451,1.9900497512000002,4.1784,5.201,2.0,2.666666666666667
109,NE,Omaha,3.3989018884788926,17,5.657500000000001,2,3.3676000000000004,4,3.2114,4,2.5519163593686276,4,3.3142222222222224,3,4.995,6.32,1.1199999999999999,4.8696,4.2168,3.2640000000000002,,4.296,3.872,,0.48,4.1975999999999996,2.0,2.03921568627451,1.9900497512000002,4.1784,5.276,2.0,2.666666666666667
32,NH,,4.458639102541176,15,4.8272,1,4.753800000000001,4,4.4332,4,5.908449575705883,4,0.8352941176470587,2,,4.8272,7.040000000000001,5.474400000000001,4.6128,1.8880000000000003,,5.216,5.3712,,2.56,4.5856,5.2,6.11764705882353,6.049751244,6.2664,,1.2,0.47058823529411764
163,NH,Manchester,4.6003366586323535,16,6.648000000000001,1,4.753800000000001,4,4.4332,4,5.908449575705883,4,2.1918627450980392,3,,6.648000000000001,7.040000000000001,5.474400000000001,4.6128,1.8880000000000003,,5.216,5.3712,,2.56,4.5856,5.2,6.11764705882353,6.049751244,6.2664,4.904999999999999,1.2,0.47058823529411764
243,NH,Nashua,4.614211658632353,16,6.648000000000001,1,4.753800000000001,4,4.4332,4,5.908449575705883,4,2.2658627450980395,3,,6.648000000000001,7.040000000000001,5.474400000000001,4.6128,1.8880000000000003,,5.216,5.3712,,2.56,4.5856,5.2,6.11764705882353,6.049751244,6.2664,5.127000000000001,1.2,0.47058823529411764
33,NJ,,5.387402797784052,15,4.4048,1,5.039,4,4.7010000000000005,4,7.024305589729412,4,4.674509803921568,2,,4.4048,4.4799999999999995,5.216799999999999,5.1952,5.264,,4.856,4.7552,,4.992,4.200799999999999,6.8,6.588235294117648,7.482587064800001,7.2264,,4.8,4.549019607843137
63,NJ,Jersey City,5.473590703927105,17,5.6533999999999995,2,5.039,4,4.7010000000000005,4,7.024305589729412,4,4.895673202614379,3,6.901999999999999,4.4048,4.4799999999999995,5.216799999999999,5.1952,5.264,,4.856,4.7552,,4.992,4.200799999999999,6.8,6.588235294117648,7.482587064800001,7.2264,5.338,4.8,4.549019607843137
66,NJ,Newark,5.424237762750634,17,5.533899999999999,2,5.039,4,4.7010000000000005,4,7.024305589729412,4,4.695673202614379,3,6.662999999999999,4.4048,4.4799999999999995,5.216799999999999,5.1952,5.264,,4.856,4.7552,,4.992,4.200799999999999,6.8,6.588235294117648,7.482587064800001,7.2264,4.738,4.8,4.549019607843137
192,NJ,Trenton,5.523543645103575,17,6.378,2,5.039,4,4.7010000000000005,4,7.024305589729412,4,4.695673202614379,3,6.662999999999999,6.093,4.4799999999999995,5.216799999999999,5.1952,5.264,,4.856,4.7552,,4.992,4.200799999999999,6.8,6.588235294117648,7.482587064800001,7.2264,4.738,4.8,4.549019607843137
34,NM,,4.8439836738091495,15,2.832,1,4.7714,4,4.3126,4,5.879801521882354,4,4.986274509803922,2,,2.832,1.44,6.503200000000001,6.1024,5.04,,2.92,4.712,,4.016,5.6024,5.2,5.647058823529412,5.890547264,6.7816,,2.6,7.372549019607844
103,NM,Albuquerque,5.080279712184544,17,5.7844999999999995,2,4.7714,4,4.3126,4,5.879801521882354,4,4.980183006535948,3,5.135,6.434,1.44,6.503200000000001,6.1024,5.04,,2.92,4.712,,4.016,5.6024,5.2,5.647058823529412,5.890547264,6.7816,4.968,2.6,7.372549019607844
266,NM,Las Cruces,5.063338535713956,17,5.7844999999999995,2,4.7714,4,4.3126,4,5.879801521882354,4,4.884183006535948,3,5.135,6.434,1.44,6.503200000000001,6.1024,5.04,,2.92,4.712,,4.016,5.6024,5.2,5.647058823529412,5.890547264,6.7816,4.68,2.6,7.372549019607844
35,NMI,,1.9900497512000002,1,,0,,0,,0,1.9900497512000002,1,,0,,,,,,,,,,,,,,,1.9900497512000002,,,,
36,NV,,5.027149991221961,15,3.2664,1,5.083,4,4.0966,4,6.734043839631372,4,4.243137254901962,2,,3.2664,4.32,5.364,5.144,5.504,,3.4560000000000004,4.6368,,2.728,5.565599999999999,6.8,5.96078431372549,7.6417910448,6.5336,,0.8,7.686274509803923
112,NV,Henderson,5.00224999225467,17,4.119199999999999,2,5.083,4,4.0966,4,6.734043839631372,4,4.381758169934641,3,4.9719999999999995,3.2664,4.32,5.364,5.144,5.504,,3.4560000000000004,4.6368,,2.728,5.565599999999999,6.8,5.96078431372549,7.6417910448,6.5336,4.659000000000001,0.8,7.686274509803923
98,NV,Las Vegas,5.093269437129411,18,5.515000000000001,2,4.8164,5,4.0966,4,6.734043839631372,4,4.4147581699346405,3,5.21,5.82,4.32,5.364,5.144,5.504,3.75,3.4560000000000004,4.6368,,2.728,5.565599999999999,6.8,5.96078431372549,7.6417910448,6.5336,4.758,0.8,7.686274509803923
288,NV,North Las Vegas,5.067880548240522,18,5.515000000000001,2,4.8164,5,4.0966,4,6.734043839631372,4,4.2624248366013076,3,5.21,5.82,4.32,5.364,5.144,5.504,3.75,3.4560000000000004,4.6368,,2.728,5.565599999999999,6.8,5.96078431372549,7.6417910448,6.5336,4.301,0.8,7.686274509803923
264,NV,Reno,5.090269437129411,18,5.515000000000001,2,4.8164,5,4.0966,4,6.734043839631372,4,4.396758169934641,3,5.21,5.82,4.32,5.364,5.144,5.504,3.75,3.4560000000000004,4.6368,,2.728,5.565599999999999,6.8,5.96078431372549,7.6417910448,6.5336,4.704,0.8,7.686274509803923
146,NV,Reno-Sparks,5.1567694371294115,18,6.1135,2,4.8164,5,4.0966,4,6.734043839631372,4,4.396758169934641,3,5.21,7.017,4.32,5.364,5.144,5.504,3.75,3.4560000000000004,4.6368,,2.728,5.565599999999999,6.8,5.96078431372549,7.6417910448,6.5336,4.704,0.8,7.686274509803923
37,NY,,5.056645416058561,15,2.5263999999999998,1,4.6396,4,4.976,4,7.326985016101961,4,2.776470588235294,2,,2.5263999999999998,3.6799999999999997,4.7768,4.8376,5.264,,5.072,5.0144,,4.336,5.481599999999999,6.8,7.372549019607844,7.6417910448,7.493600000000001,,3.2,2.3529411764705883
210,NY,Albany,5.271952082725229,15,5.756,1,4.6396,4,4.976,4,7.326985016101961,4,2.776470588235294,2,,5.756,3.6799999999999997,4.7768,4.8376,5.264,,5.072,5.0144,,4.336,5.481599999999999,6.8,7.372549019607844,7.6417910448,7.493600000000001,,3.2,2.3529411764705883
74,NY,Buffalo,5.325487131816379,17,6.002,2,4.6396,4,4.976,4,7.326985016101961,4,3.5863137254901964,3,6.204,5.8,3.6799999999999997,4.7768,4.8376,5.264,,5.072,5.0144,,4.336,5.481599999999999,6.8,7.372549019607844,7.6417910448,7.493600000000001,5.206,3.2,2.3529411764705883
61,NY,New York,5.41534895782658,18,5.8695,2,5.11168,5,4.976,4,7.326985016101961,4,3.6556470588235297,3,6.952,4.787,3.6799999999999997,4.7768,4.8376,5.264,7.0,5.072,5.0144,,4.336,5.481599999999999,6.8,7.372549019607844,7.6417910448,7.493600000000001,5.414,3.2,2.3529411764705883
177,NY,Poughkeepsie,5.504460068937691,18,6.6715,2,5.11168,5,4.976,4,7.326985016101961,4,3.6556470588235297,3,6.952,6.391,3.6799999999999997,4.7768,4.8376,5.264,7.0,5.072,5.0144,,4.336,5.481599999999999,6.8,7.372549019607844,7.6417910448,7.493600000000001,5.414,3.2,2.3529411764705883
221,NY,Rochester,5.3979600689376905,18,5.801,2,5.11168,5,4.976,4,7.326985016101961,4,3.5969803921568633,3,6.952,4.65,3.6799999999999997,4.7768,4.8376,5.264,7.0,5.072,5.0144,,4.336,5.481599999999999,6.8,7.372549019607844,7.6417910448,7.493600000000001,5.238,3.2,2.3529411764705883
216,NY,Syracuse,5.437904513382135,18,6.1605,2,5.11168,5,4.976,4,7.326985016101961,4,3.5969803921568633,3,6.952,5.369,3.6799999999999997,4.7768,4.8376,5.264,7.0,5.072,5.0144,,4.336,5.481599999999999,6.8,7.372549019607844,7.6417910448,7.493600000000001,5.238,3.2,2.3529411764705883
234,NY,Yonkers,5.4508489578265795,18,6.1605,2,5.11168,5,4.976,4,7.326985016101961,4,3.6746470588235294,3,6.952,5.369,3.6799999999999997,4.7768,4.8376,5.264,7.0,5.072,5.0144,,4.336,5.481599999999999,6.8,7.372549019607844,7.6417910448,7.493600000000001,5.471,3.2,2.3529411764705883
38,OH,,3.499684445412745,16,4.904,1,4.456,4,2.72832,5,3.0367299385137256,4,3.73921568627451,2,,4.904,5.12,4.6816,4.7904,3.232,,4.048,4.1248000000000005,0.16,1.16,4.1488,1.2,3.607843137254902,3.0646766168,4.2744,,3.4,4.07843137254902
159,OH,Akron,3.703879478035525,17,6.7219999999999995,1,4.456,4,2.72832,5,3.0367299385137256,4,4.210477124183007,3,,6.7219999999999995,5.12,4.6816,4.7904,3.232,,4.048,4.1248000000000005,0.16,1.16,4.1488,1.2,3.607843137254902,3.0646766168,4.2744,5.1530000000000005,3.4,4.07843137254902
160,OH,Canton,3.703291242741407,17,6.712000000000001,1,4.456,4,2.72832,5,3.0367299385137256,4,4.210477124183007,3,,6.712000000000001,5.12,4.6816,4.7904,3.232,,4.048,4.1248000000000005,0.16,1.16,4.1488,1.2,3.607843137254902,3.0646766168,4.2744,5.1530000000000005,3.4,4.07843137254902
228,OH,Chicago,3.7086639514779955,18,6.712000000000001,1,4.324800000000001,5,2.72832,5,3.0367299385137256,4,4.210477124183007,3,,6.712000000000001,5.12,4.6816,4.7904,3.232,3.8,4.048,4.1248000000000005,0.16,1.16,4.1488,1.2,3.607843137254902,3.0646766168,4.2744,5.1530000000000005,3.4,4.07843137254902
104,OH,Cincinnati,3.7380500592949435,19,5.888,2,4.1648000000000005,5,2.72832,5,3.0367299385137256,4,4.2114771241830065,3,5.127000000000001,6.648999999999999,5.12,4.6816,4.7904,3.232,3.0,4.048,4.1248000000000005,0.16,1.16,4.1488,1.2,3.607843137254902,3.0646766168,4.2744,5.156000000000001,3.4,4.07843137254902
106,OH,Cleveland,3.6118395329791544,19,5.705500000000001,2,3.7648,5,2.72832,5,3.0367299385137256,4,4.200477124183006,3,5.107,6.304,5.12,4.6816,4.7904,3.232,1.0,4.048,4.1248000000000005,0.16,1.16,4.1488,1.2,3.607843137254902,3.0646766168,4.2744,5.122999999999999,3.4,4.07843137254902
94,OH,Columbus,3.814576375084417,19,6.0969999999999995,2,4.3208,5,2.72832,5,3.0367299385137256,4,4.29681045751634,3,5.257,6.937,5.12,4.6816,4.7904,3.232,3.78,4.048,4.1248000000000005,0.16,1.16,4.1488,1.2,3.607843137254902,3.0646766168,4.2744,5.412,3.4,4.07843137254902
148,OH,Dayton,3.817260585610733,19,6.1225,2,4.3208,5,2.72832,5,3.0367299385137256,4,4.29681045751634,3,5.257,6.9879999999999995,5.12,4.6816,4.7904,3.232,3.78,4.048,4.1248000000000005,0.16,1.16,4.1488,1.2,3.607843137254902,3.0646766168,4.2744,5.412,3.4,4.07843137254902
127,OH,Toledo,3.7115237435054698,19,5.3485,2,4.3208,5,2.72832,5,3.0367299385137256,4,4.143143790849673,3,4.311999999999999,6.385,5.12,4.6816,4.7904,3.232,3.78,4.048,4.1248000000000005,0.16,1.16,4.1488,1.2,3.607843137254902,3.0646766168,4.2744,4.951,3.4,4.07843137254902
200,OH,Youngstown,3.6852079540317852,19,5.0985,2,4.3208,5,2.72832,5,3.0367299385137256,4,4.143143790849673,3,4.311999999999999,5.885,5.12,4.6816,4.7904,3.232,3.78,4.048,4.1248000000000005,0.16,1.16,4.1488,1.2,3.607843137254902,3.0646766168,4.2744,4.951,3.4,4.07843137254902
39,OK,,3.0708618476267713,15,4.427200000000001,1,4.2522,4,2.753,4,1.3203985952670587,4,4.166666666666667,2,,4.427200000000001,1.6,5.3824,5.2664,4.76,,2.7119999999999997,3.4368000000000003,,1.176,3.6872,0.8,0.9411764705882353,0.71641791048,2.824,,3.0,5.333333333333334
139,OK,Oklahoma City,3.3293369243765634,17,5.131500000000001,2,4.2522,4,2.753,4,1.3203985952670587,4,4.344444444444445,3,3.6740000000000004,6.589,1.6,5.3824,5.2664,4.76,,2.7119999999999997,3.4368000000000003,,1.176,3.6872,0.8,0.9411764705882353,0.71641791048,2.824,4.7,3.0,5.333333333333334
137,OK,Tulsa,3.3199839832000926,17,5.185499999999999,2,4.2522,4,2.753,4,1.3203985952670587,4,4.255444444444445,3,3.811,6.56,1.6,5.3824,5.2664,4.76,,2.7119999999999997,3.4368000000000003,,1.176,3.6872,0.8,0.9411764705882353,0.71641791048,2.824,4.433,3.0,5.333333333333334
40,OR,,5.580801638878431,16,4.3112,1,5.344,4,5.2976,5,7.081367339827451,4,4.396078431372549,2,,4.3112,7.2,5.7,4.788,3.688,,4.328,5.5312,7.359999999999999,4.616,4.6528,6.8,7.215686274509804,7.3233830848,6.986400000000001,,4.4,4.392156862745098
204,OR,Eugene,5.676351638878431,16,5.84,1,5.344,4,5.2976,5,7.081367339827451,4,4.396078431372549,2,,5.84,7.2,5.7,4.788,3.688,,4.328,5.5312,7.359999999999999,4.616,4.6528,6.8,7.215686274509804,7.3233830848,6.986400000000001,,4.4,4.392156862745098
59,OR,Portland,5.721757012336383,18,6.4985,2,5.344,4,5.2976,5,7.081367339827451,4,4.6017189542483665,3,7.115,5.882,7.2,5.7,4.788,3.688,,4.328,5.5312,7.359999999999999,4.616,4.6528,6.8,7.215686274509804,7.3233830848,6.986400000000001,5.013,4.4,4.392156862745098
213,OR,Salem,5.674534790114161,18,6.3515,2,5.344,4,5.2976,5,7.081367339827451,4,4.416385620915032,3,7.115,5.588,7.2,5.7,4.788,3.688,,4.328,5.5312,7.359999999999999,4.616,4.6528,6.8,7.215686274509804,7.3233830848,6.986400000000001,4.457,4.4,4.392156862745098
41,PA,,3.9156197053887585,15,4.4904,1,4.041,4,3.6684,4,4.302554287364706,4,3.0980392156862746,2,,4.4904,3.5200000000000005,4.7216000000000005,4.4024,3.5200000000000005,,4.36,3.8384,,2.016,4.4592,4.4,3.294117647058824,3.9800995024000003,5.536,,4.0,2.196078431372549
190,PA,Allentown,4.023526372055425,15,6.109,1,4.041,4,3.6684,4,4.302554287364706,4,3.0980392156862746,2,,6.109,3.5200000000000005,4.7216000000000005,4.4024,3.5200000000000005,,4.36,3.8384,,2.016,4.4592,4.4,3.294117647058824,3.9800995024000003,5.536,,4.0,2.196078431372549
206,PA,Harrisburg,4.002993038722092,15,5.801,1,4.041,4,3.6684,4,4.302554287364706,4,3.0980392156862746,2,,5.801,3.5200000000000005,4.7216000000000005,4.4024,3.5200000000000005,,4.36,3.8384,,2.016,4.4592,4.4,3.294117647058824,3.9800995024000003,5.536,,4.0,2.196078431372549
189,PA,Lancaster,4.027659705388759,15,6.171,1,4.041,4,3.6684,4,4.302554287364706,4,3.0980392156862746,2,,6.171,3.5200000000000005,4.7216000000000005,4.4024,3.5200000000000005,,4.36,3.8384,,2.016,4.4592,4.4,3.294117647058824,3.9800995024000003,5.536,,4.0,2.196078431372549
130,PA,Philadelphia,4.12232753226841,18,5.218,2,4.0328,5,3.6684,4,4.302554287364706,4,3.90602614379085,3,4.225,6.211,3.5200000000000005,4.7216000000000005,4.4024,3.5200000000000005,4.0,4.36,3.8384,,2.016,4.4592,4.4,3.294117647058824,3.9800995024000003,5.536,5.522,4.0,2.196078431372549
90,PA,Pittsburgh,4.058549754490632,18,6.004,2,3.4728000000000003,5,3.6684,4,4.302554287364706,4,3.932692810457516,3,5.523,6.484999999999999,3.5200000000000005,4.7216000000000005,4.4024,3.5200000000000005,1.2,4.36,3.8384,,2.016,4.4592,4.4,3.294117647058824,3.9800995024000003,5.536,5.602,4.0,2.196078431372549
218,PA,Reading,3.9908275322684097,18,5.3945,2,3.4728000000000003,5,3.6684,4,4.302554287364706,4,3.932692810457516,3,5.523,5.266,3.5200000000000005,4.7216000000000005,4.4024,3.5200000000000005,1.2,4.36,3.8384,,2.016,4.4592,4.4,3.294117647058824,3.9800995024000003,5.536,5.602,4.0,2.196078431372549
223,PA,York,3.939771976712854,18,4.935,2,3.4728000000000003,5,3.6684,4,4.302554287364706,4,3.932692810457516,3,5.523,4.3469999999999995,3.5200000000000005,4.7216000000000005,4.4024,3.5200000000000005,1.2,4.36,3.8384,,2.016,4.4592,4.4,3.294117647058824,3.9800995024000003,5.536,5.602,4.0,2.196078431372549
42,PR,,3.3482587064000002,2,,0,,0,,0,4.6965174128000005,1,2.0,1,,,,,,,,,,,,,,,4.6965174128000005,,,2.0,
43,RI,,5.301229441047059,16,3.812,1,5.0024,4,5.3792,5,6.378458940658824,4,4.294117647058824,2,,3.812,5.4399999999999995,5.712000000000001,4.9056,3.9519999999999995,,5.432,5.888,6.720000000000001,3.8240000000000003,5.032,6.8,5.176470588235294,6.6069651744,6.930400000000001,,2.0,6.588235294117648
183,RI,Providence,5.3850982974560555,17,6.244,1,5.0024,4,5.3792,5,6.378458940658824,4,4.294411764705882,3,,6.244,5.4399999999999995,5.712000000000001,4.9056,3.9519999999999995,,5.432,5.888,6.720000000000001,3.8240000000000003,5.032,6.8,5.176470588235294,6.6069651744,6.930400000000001,4.295,2.0,6.588235294117648
262,RI,Warwick,5.416274768044291,17,6.244,1,5.0024,4,5.3792,5,6.378458940658824,4,4.47107843137255,3,,6.244,5.4399999999999995,5.712000000000001,4.9056,3.9519999999999995,,5.432,5.888,6.720000000000001,3.8240000000000003,5.032,6.8,5.176470588235294,6.6069651744,6.930400000000001,4.825,2.0,6.588235294117648
44,SC,,2.7357989815696735,15,4.458399999999999,1,4.013,4,2.6324,4,1.1688540240235294,4,2.6607843137254905,2,,4.458399999999999,1.28,5.454400000000001,4.949599999999999,4.368,,2.432,2.8672000000000004,,1.432,3.7983999999999996,0.4,0.47058823529411764,1.1144278608,2.6904000000000003,,1.4,3.9215686274509807
191,SC,Charleston,3.0160932190320646,17,6.093,1,4.0004,5,2.6324,4,1.1688540240235294,4,3.3245228758169936,3,,6.093,1.28,5.454400000000001,4.949599999999999,4.368,3.95,2.432,2.8672000000000004,,1.432,3.7983999999999996,0.4,0.47058823529411764,1.1144278608,2.6904000000000003,4.652,1.4,3.9215686274509807
143,SC,Columbia,3.1640932190320648,17,7.156999999999999,1,4.3604,5,2.6324,4,1.1688540240235294,4,3.208522875816994,3,,7.156999999999999,1.28,5.454400000000001,4.949599999999999,4.368,5.75,2.432,2.8672000000000004,,1.432,3.7983999999999996,0.4,0.47058823529411764,1.1144278608,2.6904000000000003,4.304,1.4,3.9215686274509807
168,SC,Greenville,3.1300343955026526,17,6.578,1,4.3604,5,2.6324,4,1.1688540240235294,4,3.208522875816994,3,,6.578,1.28,5.454400000000001,4.949599999999999,4.368,5.75,2.432,2.8672000000000004,,1.432,3.7983999999999996,0.4,0.47058823529411764,1.1144278608,2.6904000000000003,4.304,1.4,3.9215686274509807
45,SD,,2.3699304731247057,15,3.0728,1,3.3351999999999995,4,3.1198,4,1.3287451565705881,4,0.6705882352941177,2,,3.0728,0.16,5.9464,4.3864,2.848,,3.752,3.4704,,0.592,4.6648000000000005,0.4,1.411764705882353,0.6368159203999999,2.8663999999999996,,0.4,0.9411764705882353
267,SD,Rapid City,2.513622318554412,16,3.0728,1,3.3351999999999995,4,3.1198,4,1.3287451565705881,4,2.0033921568627453,3,,3.0728,0.16,5.9464,4.3864,2.848,,3.752,3.4704,,0.592,4.6648000000000005,0.4,1.411764705882353,0.6368159203999999,2.8663999999999996,4.669,0.4,0.9411764705882353
249,SD,Sioux Falls,2.5368098185544117,16,3.0728,1,3.3351999999999995,4,3.1198,4,1.3287451565705881,4,2.127058823529412,3,,3.0728,0.16,5.9464,4.3864,2.848,,3.752,3.4704,,0.592,4.6648000000000005,0.4,1.411764705882353,0.6368159203999999,2.8663999999999996,5.04,0.4,0.9411764705882353
46,TN,,3.2568963271863725,16,4.3704,1,5.3874,4,2.27232,5,1.3954206028631373,4,4.623529411764706,2,,4.3704,6.56,5.7496,5.5120000000000005,3.728,,2.392,3.232,0.32,1.496,3.9216,0.4,2.196078431372549,0.15920398007999997,2.8264,,3.6,5.647058823529412
185,TN,Chattanooga,3.4547024255871746,17,6.220000000000001,1,5.3874,4,2.27232,5,1.3954206028631373,4,4.672352941176471,3,,6.220000000000001,6.56,5.7496,5.5120000000000005,3.728,,2.392,3.232,0.32,1.496,3.9216,0.4,2.196078431372549,0.15920398007999997,2.8264,4.7700000000000005,3.6,5.647058823529412
170,TN,Knoxville,3.4545847785283503,17,6.547,1,5.3874,4,2.27232,5,1.3954206028631373,4,4.5626862745098045,3,,6.547,6.56,5.7496,5.5120000000000005,3.728,,2.392,3.232,0.32,1.496,3.9216,0.4,2.196078431372549,0.15920398007999997,2.8264,4.441,3.6,5.647058823529412
138,TN,Memphis,3.432575854472735,19,4.8725000000000005,2,4.98992,5,2.27232,5,1.3954206028631373,4,4.527019607843138,3,3.761,5.984,6.56,5.7496,5.5120000000000005,3.728,3.4,2.392,3.232,0.32,1.496,3.9216,0.4,2.196078431372549,0.15920398007999997,2.8264,4.3340000000000005,3.6,5.647058823529412
119,TN,Nashville,3.6526811176306295,19,5.416,2,5.53992,5,2.27232,5,1.3954206028631373,4,4.642019607843138,3,4.5649999999999995,6.267,6.56,5.7496,5.5120000000000005,3.728,6.15,2.392,3.232,0.32,1.496,3.9216,0.4,2.196078431372549,0.15920398007999997,2.8264,4.679,3.6,5.647058823529412
47,TX,,3.27692711445,16,4.3656,1,4.5606,4,2.68384,5,1.8254182617215686,4,4.5509803921568635,2,,4.3656,0.96,6.104,5.8184000000000005,5.36,,2.84,4.048,0.64,1.8559999999999999,4.0352,1.2,1.0980392156862746,1.3532338311999998,3.6504000000000003,,2.2,6.901960784313727
275,TX,Amarillo,3.350990225364706,17,4.3656,1,4.5606,4,2.68384,5,1.8254182617215686,4,4.5459869281045755,3,,4.3656,0.96,6.104,5.8184000000000005,5.36,,2.84,4.048,0.64,1.8559999999999999,4.0352,1.2,1.0980392156862746,1.3532338311999998,3.6504000000000003,4.536,2.2,6.901960784313727
136,TX,Arlington,3.378212990622222,18,4.1058,2,4.5606,4,2.68384,5,1.8254182617215686,4,4.5443202614379095,3,3.846,4.3656,0.96,6.104,5.8184000000000005,5.36,,2.84,4.048,0.64,1.8559999999999999,4.0352,1.2,1.0980392156862746,1.3532338311999998,3.6504000000000003,4.531000000000001,2.2,6.901960784313727
83,TX,Austin,3.6597907683999997,18,6.4045000000000005,2,4.5606,4,2.68384,5,1.8254182617215686,4,4.7013202614379095,3,5.665,7.144,0.96,6.104,5.8184000000000005,5.36,,2.84,4.048,0.64,1.8559999999999999,4.0352,1.2,1.0980392156862746,1.3532338311999998,3.6504000000000003,5.002000000000001,2.2,6.901960784313727
214,TX,Beaumont,3.572179657288889,18,5.616,2,4.5606,4,2.68384,5,1.8254182617215686,4,4.7013202614379095,3,5.665,5.567,0.96,6.104,5.8184000000000005,5.36,,2.84,4.048,0.64,1.8559999999999999,4.0352,1.2,1.0980392156862746,1.3532338311999998,3.6504000000000003,5.002000000000001,2.2,6.901960784313727
224,TX,Brownsville,3.436346323955556,18,4.5685,2,4.5606,4,2.68384,5,1.8254182617215686,4,4.584653594771242,3,5.665,3.472,0.96,6.104,5.8184000000000005,5.36,,2.84,4.048,0.64,1.8559999999999999,4.0352,1.2,1.0980392156862746,1.3532338311999998,3.6504000000000003,4.652,2.2,6.901960784313727
131,TX,Corpus Christi,3.466457435066667,18,4.874,2,4.5606,4,2.68384,5,1.8254182617215686,4,4.561653594771243,3,4.212,5.536,0.96,6.104,5.8184000000000005,5.36,,2.84,4.048,0.64,1.8559999999999999,4.0352,1.2,1.0980392156862746,1.3532338311999998,3.6504000000000003,4.583,2.2,6.901960784313727
100,TX,Dallas,3.856801780589474,19,6.006,2,5.35848,5,2.68384,5,1.8254182617215686,4,4.584653594771242,3,5.169,6.843000000000001,0.96,6.104,5.8184000000000005,5.36,8.55,2.84,4.048,0.64,1.8559999999999999,4.0352,1.2,1.0980392156862746,1.3532338311999998,3.6504000000000003,4.652,2.2,6.901960784313727
96,TX,El Paso,3.752433359536842,19,4.8955,2,5.35848,5,2.68384,5,1.8254182617215686,4,4.663986928104575,3,5.233,4.558,0.96,6.104,5.8184000000000005,5.36,8.55,2.84,4.048,0.64,1.8559999999999999,4.0352,1.2,1.0980392156862746,1.3532338311999998,3.6504000000000003,4.89,2.2,6.901960784313727
124,TX,Fort Worth,3.696012306905263,19,4.504,2,5.35848,5,2.68384,5,1.8254182617215686,4,4.567653594771243,3,4.45,4.558,0.96,6.104,5.8184000000000005,5.36,8.55,2.84,4.048,0.64,1.8559999999999999,4.0352,1.2,1.0980392156862746,1.3532338311999998,3.6504000000000003,4.601,2.2,6.901960784313727
284,TX,Garland,3.6855912542736844,19,4.504,2,5.35848,5,2.68384,5,1.8254182617215686,4,4.501653594771242,3,4.45,4.558,0.96,6.104,5.8184000000000005,5.36,8.55,2.84,4.048,0.64,1.8559999999999999,4.0352,1.2,1.0980392156862746,1.3532338311999998,3.6504000000000003,4.4030000000000005,2.2,6.901960784313727
276,TX,Grand Prairie,3.691907043747368,19,4.504,2,5.35848,5,2.68384,5,1.8254182617215686,4,4.541653594771242,3,4.45,4.558,0.96,6.104,5.8184000000000005,5.36,8.55,2.84,4.048,0.64,1.8559999999999999,4.0352,1.2,1.0980392156862746,1.3532338311999998,3.6504000000000003,4.523,2.2,6.901960784313727
120,TX,Houston,3.755433359536842,19,5.3865,2,5.24848,5,2.68384,5,1.8254182617215686,4,4.538986928104575,3,4.527,6.246,0.96,6.104,5.8184000000000005,5.36,8.0,2.84,4.048,0.64,1.8559999999999999,4.0352,1.2,1.0980392156862746,1.3532338311999998,3.6504000000000003,4.515,2.2,6.901960784313727
271,TX,Irving,3.7612228332210527,19,5.3865,2,5.24848,5,2.68384,5,1.8254182617215686,4,4.575653594771242,3,4.527,6.246,0.96,6.104,5.8184000000000005,5.36,8.0,2.84,4.048,0.64,1.8559999999999999,4.0352,1.2,1.0980392156862746,1.3532338311999998,3.6504000000000003,4.625,2.2,6.901960784313727
147,TX,Killeen-Temple-Fort Hood,3.8006438858526312,19,5.761,2,5.24848,5,2.68384,5,1.8254182617215686,4,4.575653594771242,3,4.527,6.995,0.96,6.104,5.8184000000000005,5.36,8.0,2.84,4.048,0.64,1.8559999999999999,4.0352,1.2,1.0980392156862746,1.3532338311999998,3.6504000000000003,4.625,2.2,6.901960784313727
260,TX,Laredo,3.8144859911157893,19,5.761,2,5.24848,5,2.68384,5,1.8254182617215686,4,4.663320261437909,3,4.527,6.995,0.96,6.104,5.8184000000000005,5.36,8.0,2.84,4.048,0.64,1.8559999999999999,4.0352,1.2,1.0980392156862746,1.3532338311999998,3.6504000000000003,4.888,2.2,6.901960784313727
263,TX,Lubbock,3.806907043747368,19,5.761,2,5.24848,5,2.68384,5,1.8254182617215686,4,4.615320261437909,3,4.527,6.995,0.96,6.104,5.8184000000000005,5.36,8.0,2.84,4.048,0.64,1.8559999999999999,4.0352,1.2,1.0980392156862746,1.3532338311999998,3.6504000000000003,4.744,2.2,6.901960784313727
226,TX,McAllen,3.5274859911157894,19,3.1065,2,5.24848,5,2.68384,5,1.8254182617215686,4,4.615320261437909,3,4.527,1.686,0.96,6.104,5.8184000000000005,5.36,8.0,2.84,4.048,0.64,1.8559999999999999,4.0352,1.2,1.0980392156862746,1.3532338311999998,3.6504000000000003,4.744,2.2,6.901960784313727
239,TX,Plano,3.5495912542736843,19,3.1065,2,5.24848,5,2.68384,5,1.8254182617215686,4,4.755320261437909,3,4.527,1.686,0.96,6.104,5.8184000000000005,5.36,8.0,2.84,4.048,0.64,1.8559999999999999,4.0352,1.2,1.0980392156862746,1.3532338311999998,3.6504000000000003,5.164,2.2,6.901960784313727
101,TX,San Antonio,3.8262754647999997,19,5.8629999999999995,2,5.24848,5,2.68384,5,1.8254182617215686,4,4.669986928104575,3,5.152,6.574,0.96,6.104,5.8184000000000005,5.36,8.0,2.84,4.048,0.64,1.8559999999999999,4.0352,1.2,1.0980392156862746,1.3532338311999998,3.6504000000000003,4.9079999999999995,2.2,6.901960784313727
48,USVI,,3.5024875624,1,,0,,0,,0,3.5024875624,1,,0,,,,,,,,,,,,,,,3.5024875624,,,,
49,UT,,3.3425439391069287,15,4.7856000000000005,1,3.4254,4,2.2688,4,4.098841732435295,4,3.0901960784313727,2,,4.7856000000000005,0.48,5.2008,4.7648,3.2560000000000002,,3.2,2.2816,,1.096,2.4976,3.6,4.705882352941177,3.3830845768000004,4.7064,,3.2,2.980392156862745
167,UT,Ogden,3.464570605773595,15,6.616,1,3.4254,4,2.2688,4,4.098841732435295,4,3.0901960784313727,2,,6.616,0.48,5.2008,4.7648,3.2560000000000002,,3.2,2.2816,,1.096,2.4976,3.6,4.705882352941177,3.3830845768000004,4.7064,,3.2,2.980392156862745
156,UT,Provo-Orem,3.4751039391069285,15,6.773999999999999,1,3.4254,4,2.2688,4,4.098841732435295,4,3.0901960784313727,2,,6.773999999999999,0.48,5.2008,4.7648,3.2560000000000002,,3.2,2.2816,,1.096,2.4976,3.6,4.705882352941177,3.3830845768000004,4.7064,,3.2,2.980392156862745
155,UT,Salt Lake City,3.577159942912745,16,6.775,1,3.4254,4,2.2688,4,4.098841732435295,4,3.762464052287582,3,,6.775,0.48,5.2008,4.7648,3.2560000000000002,,3.2,2.2816,,1.096,2.4976,3.6,4.705882352941177,3.3830845768000004,4.7064,5.107,3.2,2.980392156862745
274,UT,West Valley City,3.5442849429127454,16,6.775,1,3.4254,4,2.2688,4,4.098841732435295,4,3.5871307189542487,3,,6.775,0.48,5.2008,4.7648,3.2560000000000002,,3.2,2.2816,,1.096,2.4976,3.6,4.705882352941177,3.3830845768000004,4.7064,4.581,3.2,2.980392156862745
50,VA,,5.122513331376733,15,5.5872,1,5.8502,4,3.7306,4,5.767119110309805,4,4.929411764705883,2,,5.5872,7.359999999999999,5.767200000000001,5.4336,4.84,,3.88,4.5136,,2.16,4.3688,6.4,4.862745098039216,5.2537313432,6.552000000000001,,2.8,7.058823529411765
261,VA,Chesapeake,5.104668748165686,16,5.5872,1,5.8502,4,3.7306,4,5.767119110309805,4,4.898607843137255,3,,5.5872,7.359999999999999,5.767200000000001,5.4336,4.84,,3.88,4.5136,,2.16,4.3688,6.4,4.862745098039216,5.2537313432,6.552000000000001,4.837,2.8,7.058823529411765
272,VA,Newport News,5.091293748165686,16,5.5872,1,5.8502,4,3.7306,4,5.767119110309805,4,4.827274509803922,3,,5.5872,7.359999999999999,5.767200000000001,5.4336,4.84,,3.88,4.5136,,2.16,4.3688,6.4,4.862745098039216,5.2537313432,6.552000000000001,4.622999999999999,2.8,7.058823529411765
105,VA,Norfolk,5.113452939450058,17,5.4506,2,5.8502,4,3.7306,4,5.767119110309805,4,4.878607843137256,3,5.314,5.5872,7.359999999999999,5.767200000000001,5.4336,4.84,,3.88,4.5136,,2.16,4.3688,6.4,4.862745098039216,5.2537313432,6.552000000000001,4.777,2.8,7.058823529411765
116,VA,Richmond,5.168527776147276,18,6.082,2,5.7001599999999994,5,3.7306,4,5.767119110309805,4,4.792607843137255,3,5.2829999999999995,6.881,7.359999999999999,5.767200000000001,5.4336,4.84,5.1,3.88,4.5136,,2.16,4.3688,6.4,4.862745098039216,5.2537313432,6.552000000000001,4.519,2.8,7.058823529411765
113,VA,Virginia Beach,5.263138887258388,18,6.0409999999999995,2,5.8601600000000005,5,3.7306,4,5.767119110309805,4,5.120941176470588,3,4.936,7.145999999999999,7.359999999999999,5.767200000000001,5.4336,4.84,5.9,3.88,4.5136,,2.16,4.3688,6.4,4.862745098039216,5.2537313432,6.552000000000001,5.504,2.8,7.058823529411765
51,VT,,5.539846736917648,16,5.774400000000001,1,4.9472000000000005,4,5.75584,5,7.20319871237647,4,2.7411764705882353,2,,5.774400000000001,7.840000000000001,5.2552,5.0775999999999994,1.616,,5.528,5.9232000000000005,7.840000000000001,4.096,5.392,6.8,7.529411764705882,7.3233830848,7.159999999999999,,3.6,1.8823529411764706
291,VT,Burlington,5.465796928863668,17,5.774400000000001,1,4.9472000000000005,4,5.75584,5,7.20319871237647,4,3.254450980392157,3,,5.774400000000001,7.840000000000001,5.2552,5.0775999999999994,1.616,,5.528,5.9232000000000005,7.840000000000001,4.096,5.392,6.8,7.529411764705882,7.3233830848,7.159999999999999,4.281000000000001,3.6,1.8823529411764706
259,VT,South Burlington,5.5023851641577854,17,5.774400000000001,1,4.9472000000000005,4,5.75584,5,7.20319871237647,4,3.4617843137254902,3,,5.774400000000001,7.840000000000001,5.2552,5.0775999999999994,1.616,,5.528,5.9232000000000005,7.840000000000001,4.096,5.392,6.8,7.529411764705882,7.3233830848,7.159999999999999,4.9030000000000005,3.6,1.8823529411764706
52,WA,,5.388913096286275,16,4.8792,1,5.6576,4,5.038880000000001,5,6.806122973380392,4,3.147058823529412,2,,4.8792,6.24,6.0936,5.824800000000001,4.4719999999999995,,4.16,4.772799999999999,6.4,4.720000000000001,5.1415999999999995,6.8,6.274509803921569,7.2835820896,6.8664000000000005,,3.0,3.294117647058824
57,WA,Seattle,5.604578307810022,18,7.0675,2,5.6576,4,5.038880000000001,5,6.806122973380392,4,3.899372549019608,3,7.2780000000000005,6.856999999999999,6.24,6.0936,5.824800000000001,4.4719999999999995,,4.16,4.772799999999999,6.4,4.720000000000001,5.1415999999999995,6.8,6.274509803921569,7.2835820896,6.8664000000000005,5.404,3.0,3.294117647058824
150,WA,Spokane,5.588800530032245,18,7.112500000000001,2,5.6576,4,5.038880000000001,5,6.806122973380392,4,3.7747058823529414,3,7.2780000000000005,6.947,6.24,6.0936,5.824800000000001,4.4719999999999995,,4.16,4.772799999999999,6.4,4.720000000000001,5.1415999999999995,6.8,6.274509803921569,7.2835820896,6.8664000000000005,5.029999999999999,3.0,3.294117647058824
245,WA,Tacoma,5.593022752254466,18,7.112500000000001,2,5.6576,4,5.038880000000001,5,6.806122973380392,4,3.8000392156862746,3,7.2780000000000005,6.947,6.24,6.0936,5.824800000000001,4.4719999999999995,,4.16,4.772799999999999,6.4,4.720000000000001,5.1415999999999995,6.8,6.274509803921569,7.2835820896,6.8664000000000005,5.106,3.0,3.294117647058824
253,WA,Vancouver,5.587244974476689,18,7.112500000000001,2,5.6576,4,5.038880000000001,5,6.806122973380392,4,3.765372549019608,3,7.2780000000000005,6.947,6.24,6.0936,5.824800000000001,4.4719999999999995,,4.16,4.772799999999999,6.4,4.720000000000001,5.1415999999999995,6.8,6.274509803921569,7.2835820896,6.8664000000000005,5.002000000000001,3.0,3.294117647058824
53,WI,,3.576616837362615,15,4.041600000000001,1,2.9354000000000005,4,4.020199999999999,4,4.239450395011764,4,2.4137254901960787,2,,4.041600000000001,2.4,3.7968,2.5848000000000004,2.96,,4.4719999999999995,4.928,,1.8399999999999999,4.8408,2.8,4.23529411764706,4.2985074624,5.624,,4.2,0.627450980392157
65,WI,Madison,3.8590972094376004,17,5.3255,2,2.9354000000000005,4,4.020199999999999,4,4.239450395011764,4,3.3911503267973853,3,6.781999999999999,3.8689999999999998,2.4,3.7968,2.5848000000000004,2.96,,4.4719999999999995,4.928,,1.8399999999999999,4.8408,2.8,4.23529411764706,4.2985074624,5.624,5.346,4.2,0.627450980392157
117,WI,Milwaukee,3.7489806978021787,18,5.3955,2,2.7583200000000003,5,4.020199999999999,4,4.239450395011764,4,3.2868169934640523,3,4.744,6.047,2.4,3.7968,2.5848000000000004,2.96,2.05,4.4719999999999995,4.928,,1.8399999999999999,4.8408,2.8,4.23529411764706,4.2985074624,5.624,5.0329999999999995,4.2,0.627450980392157
54,WV,,3.517190393126275,15,2.436,1,5.0406,4,2.923,4,2.2874522095176473,4,4.658823529411765,2,,2.436,7.5200000000000005,5.5032000000000005,5.523200000000001,1.616,,2.352,3.1344000000000003,,0.8800000000000001,5.3256,0.4,2.3529411764705883,2.7064676616000005,3.6904000000000003,,3.2,6.11764705882353
265,WV,Charleston,3.5900534935558825,16,2.436,1,5.0406,4,2.923,4,2.2874522095176473,4,4.666882352941177,3,,2.436,7.5200000000000005,5.5032000000000005,5.523200000000001,1.616,,2.352,3.1344000000000003,,0.8800000000000001,5.3256,0.4,2.3529411764705883,2.7064676616000005,3.6904000000000003,4.683,3.2,6.11764705882353
285,WV,Huntington,3.5706159935558826,16,2.436,1,5.0406,4,2.923,4,2.2874522095176473,4,4.56321568627451,3,,2.436,7.5200000000000005,5.5032000000000005,5.523200000000001,1.616,,2.352,3.1344000000000003,,0.8800000000000001,5.3256,0.4,2.3529411764705883,2.7064676616000005,3.6904000000000003,4.372,3.2,6.11764705882353
55,WY,,2.8118386733155556,15,4.4528,1,3.446599999999999,4,2.6622000000000003,4,1.6674930641490198,4,3.309803921568628,2,,4.4528,0.64,5.0656,5.4887999999999995,2.5919999999999996,,2.464,2.728,,1.232,4.2248,0.4,0.3137254901960785,1.8706467663999997,4.0856,,1.6,5.019607843137256
277,WY,Casper,2.9164112562333333,16,4.4528,1,3.446599999999999,4,2.6622000000000003,4,1.6674930641490198,4,3.7015359477124186,3,,4.4528,0.64,5.0656,5.4887999999999995,2.5919999999999996,,2.464,2.728,,1.232,4.2248,0.4,0.3137254901960785,1.8706467663999997,4.0856,4.485,1.6,5.019607843137256
292,WY,Cheyenne,2.9005987562333333,16,4.4528,1,3.446599999999999,4,2.6622000000000003,4,1.6674930641490198,4,3.617202614379085,3,,4.4528,0.64,5.0656,5.4887999999999995,2.5919999999999996,,2.464,2.728,,1.232,4.2248,0.4,0.3137254901960785,1.8706467663999997,4.0856,4.232,1.6,5.019607843137256
