,State,City,M,n,M_social,n_social,M_race,n_race,M_gender,n_gender,M_sexual_orientation,n_sexual_orientation,M_disabilities,n_disabilities
0,AK,,5.871036665790326,15,4.398046809227143,1.0,7.776604902830697,4.0,5.5158064468630545,4.0,5.360377343943779,4.0,6.304347826086957,2.0
56,AK,Anchorage,5.780633949726538,15,5.6045283056941395,2.0,7.776604902830697,4.0,5.5158064468630545,4.0,5.360377343943779,4.0,4.645852749301024,1.0
229,AK,Juneau,5.602628357927843,15,5.6045283056941395,2.0,7.776604902830697,4.0,5.5158064468630545,4.0,5.360377343943779,4.0,3.7558247903075452,1.0
1,AL,,3.8496597573515894,16,5.475669304596734,1.0,5.866803689643891,4.0,1.6663434231148089,5.0,0.44533862494820825,4.0,5.794143744454303,2.0
57,AL,Birmingham,3.3793437447051837,12,7.1998652971880786,1.0,4.444444444444445,1.0,1.6663434231148089,5.0,0.44533862494820825,4.0,3.14072693383038,1.0
58,AL,Huntsville,3.8792251892829954,12,9.326485940394004,1.0,4.444444444444445,1.0,1.6663434231148089,5.0,0.44533862494820825,4.0,3.5135135135135114,1.0
59,AL,Mobile,2.8965476193882584,12,6.496043104899814,1.0,4.444444444444445,1.0,1.6663434231148089,5.0,0.44533862494820825,4.0,1.4305684995340164,1.0
60,AL,Montgomery,3.312139846483641,12,7.413706011112983,1.0,4.444444444444445,1.0,1.6663434231148089,5.0,0.44533862494820825,4.0,2.590866728797759,1.0
2,AR,,3.7489158421668236,15,3.8962788348206767,1.0,6.569916358722239,4.0,2.5720514930393836,4.0,0.4223928614301692,4.0,5.28393966282165,2.0
61,AR,Fayetteville,4.372589861361975,15,7.014648930796431,1.0,6.569916358722239,4.0,2.5720514930393836,4.0,0.4223928614301692,4.0,5.28393966282165,2.0
230,AR,Fort Smith,4.155503699533898,14,7.014648930796431,1.0,6.569916358722239,4.0,2.5720514930393836,4.0,0.4223928614301692,4.0,4.1985088536812665,1.0
62,AR,Little Rock,4.541428667996271,14,8.343155413369255,1.0,6.569916358722239,4.0,2.5720514930393836,4.0,0.4223928614301692,4.0,4.7996272134203135,1.0
3,AS,,1.6915422889999998,1,,0.0,,0.0,,0.0,1.6915422889999998,1.0,,0.0
4,AZ,,4.500438726195865,15,4.989055396531403,1.0,6.946370247602307,4.0,5.41144281035154,4.0,2.080791015003395,4.0,3.074534161490684,2.0
63,AZ,Chandler,5.179348491553722,14,3.359349941195338,1.0,6.946370247602307,4.0,5.41144281035154,4.0,2.080791015003395,4.0,8.098788443616028,1.0
231,AZ,Gilbert,5.041417457070963,14,3.359349941195338,1.0,6.946370247602307,4.0,5.41144281035154,4.0,2.080791015003395,4.0,7.409133271202236,1.0
232,AZ,Glendale,4.860615965924644,14,3.359349941195338,1.0,6.946370247602307,4.0,5.41144281035154,4.0,2.080791015003395,4.0,6.505125815470643,1.0
64,AZ,Mesa,5.028038512218805,14,3.27381588795039,1.0,6.946370247602307,4.0,5.41144281035154,4.0,2.080791015003395,4.0,7.42777260018639,1.0
233,AZ,Peoria,5.119371224241172,14,3.27381588795039,1.0,6.946370247602307,4.0,5.41144281035154,4.0,2.080791015003395,4.0,7.884436160298231,1.0
65,AZ,Phoenix,5.872369828405525,12,5.578479353122937,2.0,9.944444444444443,1.0,5.41144281035154,4.0,2.080791015003395,4.0,6.346691519105309,1.0
234,AZ,Scottsdale,6.484671785535068,12,5.578479353122937,2.0,9.944444444444443,1.0,5.41144281035154,4.0,2.080791015003395,4.0,9.408201304753025,1.0
235,AZ,Tempe,6.45391689271121,12,5.578479353122937,2.0,9.944444444444443,1.0,5.41144281035154,4.0,2.080791015003395,4.0,9.254426840633736,1.0
66,AZ,Tucson,6.344512537176415,12,5.772370902569188,2.0,9.944444444444443,1.0,5.41144281035154,4.0,2.080791015003395,4.0,8.51351351351351,1.0
5,CA,,7.346112581570489,16,3.3473648762417922,1.0,6.989127060174595,4.0,8.56888714731756,5.0,9.599806716753815,4.0,8.225377107364686,2.0
67,CA,Anaheim,7.419632802211749,15,5.206885491286217,1.0,6.989127060174595,4.0,8.56888714731756,5.0,9.599806716753815,4.0,6.733457595526558,1.0
68,CA,Bakersfield,7.014455802985424,16,3.2415783143530996,2.0,6.989127060174595,4.0,8.56888714731756,5.0,9.599806716753815,4.0,6.67287977632805,1.0
69,CA,Chula Vista,7.717453228329569,15,7.362343633058911,1.0,6.989127060174595,4.0,8.56888714731756,5.0,9.599806716753815,4.0,6.0671015843429625,1.0
236,CA,Fontana,7.392196937556037,15,7.362343633058911,1.0,6.989127060174595,4.0,8.56888714731756,5.0,9.599806716753815,4.0,4.440820130475304,1.0
237,CA,Fremont,8.18436841938269,15,7.362343633058911,1.0,6.989127060174595,4.0,8.56888714731756,5.0,9.599806716753815,4.0,8.401677539608574,1.0
70,CA,Fresno,6.895195563924624,16,3.083301350176777,2.0,6.989127060174595,4.0,8.56888714731756,5.0,9.599806716753815,4.0,6.23485554520037,1.0
238,CA,Garden Grove,7.0592216589852015,16,3.083301350176777,2.0,6.989127060174595,4.0,8.56888714731756,5.0,9.599806716753815,4.0,7.0549860205032635,1.0
239,CA,Glendale,7.175717465136181,16,3.083301350176777,2.0,6.989127060174595,4.0,8.56888714731756,5.0,9.599806716753815,4.0,7.637465051258157,1.0
240,CA,Huntington Beach,7.569007306701884,16,3.083301350176777,2.0,6.989127060174595,4.0,8.56888714731756,5.0,9.599806716753815,4.0,9.603914259086674,1.0
241,CA,Irvine,7.180377297382219,16,3.083301350176777,2.0,6.989127060174595,4.0,8.56888714731756,5.0,9.599806716753815,4.0,7.660764212488347,1.0
71,CA,Long Beach,7.592359874746002,15,6.177696995616379,1.0,6.989127060174595,4.0,8.56888714731756,5.0,9.599806716753815,4.0,6.6262814538676595,1.0
72,CA,Los Angeles,7.5208264176522786,13,5.680131193020918,2.0,7.222222222222223,1.0,8.56888714731756,5.0,9.599806716753815,4.0,6.533084808946875,1.0
73,CA,Modesto,7.2437088697176195,12,5.086714935174271,1.0,7.222222222222223,1.0,8.56888714731756,5.0,9.599806716753815,4.0,5.740913327120225,1.0
242,CA,Moreno Valley,6.980894331041012,12,5.086714935174271,1.0,7.222222222222223,1.0,8.56888714731756,5.0,9.599806716753815,4.0,4.426840633737187,1.0
74,CA,Oakland,7.967752815761832,12,6.1114081043515425,1.0,7.222222222222223,1.0,8.56888714731756,5.0,9.599806716753815,4.0,8.336439888164026,1.0
243,CA,Oceanside,7.842869311567983,12,6.1114081043515425,1.0,7.222222222222223,1.0,8.56888714731756,5.0,9.599806716753815,4.0,7.712022367194779,1.0
244,CA,Ontario,7.347995127038627,12,6.1114081043515425,1.0,7.222222222222223,1.0,8.56888714731756,5.0,9.599806716753815,4.0,5.2376514445479945,1.0
75,CA,Oxnard,8.041126919360877,12,8.691698939215357,1.0,7.222222222222223,1.0,8.56888714731756,5.0,9.599806716753815,4.0,6.123019571295433,1.0
245,CA,Rancho Cucamonga,8.182785819640468,12,8.691698939215357,1.0,7.222222222222223,1.0,8.56888714731756,5.0,9.599806716753815,4.0,6.831314072693379,1.0
76,CA,Riverside,7.19180662481166,13,4.894098191332068,2.0,5.333333333333333,1.0,8.56888714731756,5.0,9.599806716753815,4.0,7.5629077353215255,1.0
77,CA,Sacramento,7.599845464033703,13,7.171943831990273,2.0,5.333333333333333,1.0,8.56888714731756,5.0,9.599806716753815,4.0,7.325256290773533,1.0
78,CA,Salinas,7.482850198224973,12,6.5869675029466235,1.0,5.333333333333333,1.0,8.56888714731756,5.0,9.599806716753815,4.0,7.325256290773533,1.0
79,CA,San Benandino,6.96220640361234,12,3.983748529883459,1.0,5.333333333333333,1.0,8.56888714731756,5.0,9.599806716753815,4.0,7.325256290773533,1.0
246,CA,San Bernardino,6.381591305755862,12,3.983748529883459,1.0,5.333333333333333,1.0,8.56888714731756,5.0,9.599806716753815,4.0,4.422180801491142,1.0
80,CA,San Diego,7.403692733762654,13,5.906930413626641,2.0,5.333333333333333,1.0,8.56888714731756,5.0,9.599806716753815,4.0,7.609506057781921,1.0
81,CA,San Francisco,8.222493023898805,13,8.297949571669937,2.0,5.433333333333334,1.0,8.56888714731756,5.0,9.599806716753815,4.0,9.212488350419383,1.0
82,CA,San Jose,7.900017545312643,13,7.948386717415735,2.0,5.433333333333334,1.0,8.56888714731756,5.0,9.599806716753815,4.0,7.949673811742776,1.0
83,CA,Santa Ana,7.359894351591214,12,6.258954346199081,1.0,5.433333333333334,1.0,8.56888714731756,5.0,9.599806716753815,4.0,6.938490214352283,1.0
84,CA,Santa Barbara,7.692208550544696,12,7.920525340966492,1.0,5.433333333333334,1.0,8.56888714731756,5.0,9.599806716753815,4.0,6.938490214352283,1.0
247,CA,Santa Clarita,7.605535670768369,12,7.920525340966492,1.0,5.433333333333334,1.0,8.56888714731756,5.0,9.599806716753815,4.0,6.505125815470643,1.0
85,CA,Santa Rosa,7.6379964749021,12,8.511533928270753,1.0,5.433333333333334,1.0,8.56888714731756,5.0,9.599806716753815,4.0,6.076421248835039,1.0
86,CA,Stockton,6.810447476457358,13,4.7186165222539405,2.0,5.433333333333334,1.0,8.56888714731756,5.0,9.599806716753815,4.0,5.731593662628144,1.0
87,CA,Vallejo,7.484504943180168,12,8.088903855867992,1.0,5.433333333333334,1.0,8.56888714731756,5.0,9.599806716753815,4.0,5.731593662628144,1.0
88,CA,Visalia,6.41496461652585,12,2.741202222596397,1.0,5.433333333333334,1.0,8.56888714731756,5.0,9.599806716753815,4.0,5.731593662628144,1.0
6,CO,,6.905457940473964,16,8.737161138238761,1.0,5.73187324126875,4.0,6.257257751267806,5.0,9.364440340006212,4.0,4.436557231588287,2.0
89,CO,Aurora,6.4609693431250035,15,4.231797284293809,1.0,5.73187324126875,4.0,6.257257751267806,5.0,9.364440340006212,4.0,6.719478098788445,1.0
90,CO,Colorado Springs,6.899927094974781,16,5.322205801231425,2.0,5.73187324126875,4.0,6.257257751267806,5.0,9.364440340006212,4.0,7.823858341099718,1.0
91,CO,Denve,7.649932811307044,15,9.072234382892741,1.0,5.73187324126875,4.0,6.257257751267806,5.0,9.364440340006212,4.0,7.823858341099718,1.0
92,CO,Denver,7.181794224606433,15,5.3009729498556615,1.0,5.73187324126875,4.0,6.257257751267806,5.0,9.364440340006212,4.0,9.254426840633736,1.0
7,CT,,7.7177815400463885,16,7.518100690351911,1.0,6.037875118568944,4.0,9.061375204267838,5.0,9.338903625818759,4.0,6.63265306122449,2.0
93,CT,Bridgeport,7.2589732058796255,15,8.003030813268227,1.0,6.037875118568944,4.0,9.061375204267838,5.0,9.338903625818759,4.0,3.853681267474367,1.0
94,CT,Hartford,7.298037021336773,15,8.198349890553965,1.0,6.037875118568944,4.0,9.061375204267838,5.0,9.338903625818759,4.0,3.853681267474367,1.0
95,CT,New Haven,7.621006157539301,15,8.331368917326149,1.0,6.037875118568944,4.0,9.061375204267838,5.0,9.338903625818759,4.0,5.335507921714816,1.0
8,DC,,6.670443965138778,13,,0.0,5.130434782608696,4.0,7.643062212783393,4.0,9.125670169510851,4.0,4.782608695652174,1.0
96,DC,Washington,7.42196745264142,15,7.899393304268741,2.0,5.130434782608696,4.0,7.643062212783393,4.0,9.125670169510851,4.0,7.311276794035415,1.0
9,DE,,6.042395894502365,15,6.51456474153898,1.0,7.935104141859529,4.0,6.726397609716231,4.0,7.0305891107191805,4.0,2.0053238686779062,2.0
248,DE,Dover,6.496876321139571,14,6.51456474153898,1.0,7.935104141859529,4.0,6.726397609716231,4.0,7.0305891107191805,4.0,4.277726001863934,1.0
249,DE,Wilmington,7.103586479573866,14,6.51456474153898,1.0,7.935104141859529,4.0,6.726397609716231,4.0,7.0305891107191805,4.0,7.311276794035415,1.0
10,FL,,5.646714744816582,16,5.354436773867653,1.0,7.799498612266994,4.0,4.4645506597100155,5.0,3.538778893854927,4.0,7.076308784383318,2.0
97,FL,Cape Coral,5.728804204023534,15,7.738676544872875,1.0,7.799498612266994,4.0,4.4645506597100155,5.0,3.538778893854927,4.0,5.10251630941286,1.0
98,FL,Deltona,5.623736010725,15,7.2133355783802,1.0,7.799498612266994,4.0,4.4645506597100155,5.0,3.538778893854927,4.0,5.10251630941286,1.0
250,FL,Fort Lauderdale,6.109290530762278,15,7.2133355783802,1.0,7.799498612266994,4.0,4.4645506597100155,5.0,3.538778893854927,4.0,7.530288909599253,1.0
251,FL,Hialeah,5.6330556752170775,15,7.2133355783802,1.0,7.799498612266994,4.0,4.4645506597100155,5.0,3.538778893854927,4.0,5.149114631873251,1.0
99,FL,Jacksonville,4.5275183502624134,13,4.8585554565231375,2.0,3.6666666666666665,1.0,4.4645506597100155,5.0,3.538778893854927,4.0,6.109040074557316,1.0
100,FL,Lakeland,4.964798671653526,12,7.044957063478701,1.0,3.6666666666666665,1.0,4.4645506597100155,5.0,3.538778893854927,4.0,6.109040074557316,1.0
101,FL,Miami,5.241757485886457,13,5.000269929300086,2.0,5.833333333333334,1.0,4.4645506597100155,5.0,3.538778893854927,4.0,7.371854613233923,1.0
102,FL,Naples,5.185296697534438,12,4.717965987539991,1.0,5.833333333333334,1.0,4.4645506597100155,5.0,3.538778893854927,4.0,7.371854613233923,1.0
103,FL,Ocala,5.715015505414553,12,7.366560026940562,1.0,5.833333333333334,1.0,4.4645506597100155,5.0,3.538778893854927,4.0,7.371854613233923,1.0
104,FL,Orlando,5.217282077172608,13,4.1073119599775,2.0,7.0,1.0,4.4645506597100155,5.0,3.538778893854927,4.0,6.975768872320596,1.0
105,FL,Palm Bay,6.225083871066988,12,9.146320929449402,1.0,7.0,1.0,4.4645506597100155,5.0,3.538778893854927,4.0,6.975768872320596,1.0
252,FL,Pembroke Pines,5.870004653918805,12,9.146320929449402,1.0,7.0,1.0,4.4645506597100155,5.0,3.538778893854927,4.0,5.200372786579682,1.0
106,FL,Pensacola,5.572311439572956,12,7.657854857720155,1.0,7.0,1.0,4.4645506597100155,5.0,3.538778893854927,4.0,5.200372786579682,1.0
107,FL,Port St. Lucie,5.411998302612178,12,7.336251894258293,1.0,7.0,1.0,4.4645506597100155,5.0,3.538778893854927,4.0,4.720410065237647,1.0
108,FL,Sarasota,5.6214611751496415,12,8.383566256945615,1.0,7.0,1.0,4.4645506597100155,5.0,3.538778893854927,4.0,4.720410065237647,1.0
109,FL,St. Petersburg,5.181371843661426,12,3.1262696461028545,1.0,7.0,1.0,4.4645506597100155,5.0,3.538778893854927,4.0,7.777260018639327,1.0
110,FL,Tallahassee,4.825682815256807,12,6.888365044620307,1.0,7.0,1.0,4.4645506597100155,5.0,3.538778893854927,4.0,2.2367194780987862,1.0
111,FL,Tampa,4.8510993951823895,12,2.938094728963968,1.0,7.0,1.0,4.4645506597100155,5.0,3.538778893854927,4.0,6.314072693383036,1.0
227,FL,Tampa Bay,4.339988284071278,12,2.938094728963968,1.0,4.444444444444445,1.0,4.4645506597100155,5.0,3.538778893854927,4.0,6.314072693383036,1.0
112,FL,Tampa-St. Petersburg,5.429756103727213,12,8.386933827243643,1.0,4.444444444444445,1.0,4.4645506597100155,5.0,3.538778893854927,4.0,6.314072693383036,1.0
11,GA,,5.576139147146788,15,6.974238087220072,1.0,7.500415069564504,4.0,3.7174225868398465,4.0,2.625620879420966,4.0,7.062999112688553,2.0
113,GA,Atlanta,5.763829257686167,12,9.202260013844455,2.0,8.166666666666666,1.0,3.7174225868398465,4.0,2.625620879420966,4.0,5.107176141658901,1.0
114,GA,Augusta,4.023122478016019,11,7.624179154739856,1.0,1.1111111111111112,1.0,3.7174225868398465,4.0,2.625620879420966,4.0,5.0372786579683115,1.0
253,GA,Columbus,3.7891988992648526,11,7.624179154739856,1.0,1.1111111111111112,1.0,3.7174225868398465,4.0,2.625620879420966,4.0,3.867660764212485,1.0
115,GA,Savannah,3.8888789800865395,11,8.12257955884829,1.0,1.1111111111111112,1.0,3.7174225868398465,4.0,2.625620879420966,4.0,3.867660764212485,1.0
12,GU,,2.8358208959999995,1,,0.0,,0.0,,0.0,2.8358208959999995,1.0,,0.0
13,HI,,8.71887911024549,16,7.184711230846944,1.0,9.765746264273789,4.0,8.484267612874472,5.0,8.465792892211834,4.0,9.693877551020408,2.0
116,HI,Honolulu,7.9348534390193795,16,7.478497704394772,2.0,9.765746264273789,4.0,8.484267612874472,5.0,8.465792892211834,4.0,5.479962721342028,1.0
254,HI,Pearl City,7.564862758683873,16,7.478497704394772,2.0,9.765746264273789,4.0,8.484267612874472,5.0,8.465792892211834,4.0,3.6300093196644916,1.0
14,IA,,4.743463896396747,15,3.901330190267722,1.0,3.9731457721597696,4.0,5.965760720130584,4.0,4.996869844678546,4.0,4.880212954747117,2.0
255,IA,Cedar Rapids,5.089881696873233,14,3.901330190267722,1.0,3.9731457721597696,4.0,5.965760720130584,4.0,4.996869844678546,4.0,6.612301957129541,1.0
117,IA,Davenport,5.845227714721355,14,7.678060279508335,1.0,3.9731457721597696,4.0,5.965760720130584,4.0,4.996869844678546,4.0,6.612301957129541,1.0
118,IA,Des Moines,5.7772978901159036,14,6.863108267385081,1.0,3.9731457721597696,4.0,5.965760720130584,4.0,4.996869844678546,4.0,7.087604846225536,1.0
15,ID,,3.8140267090684516,15,5.842734467082002,1.0,5.313674901673568,4.0,1.9357333717564422,4.0,1.7765711065161427,4.0,4.201419698314108,2.0
256,ID,Boise,4.0166132260691905,14,5.842734467082002,1.0,5.313674901673568,4.0,1.9357333717564422,4.0,1.7765711065161427,4.0,5.2143522833178,1.0
119,ID,Boise City,4.40186326816382,14,7.768984677555144,1.0,5.313674901673568,4.0,1.9357333717564422,4.0,1.7765711065161427,4.0,5.2143522833178,1.0
257,ID,Nampa,4.081266809636326,14,7.768984677555144,1.0,5.313674901673568,4.0,1.9357333717564422,4.0,1.7765711065161427,4.0,3.611369990680333,1.0
16,IL,,6.661877060209479,15,5.817477689846776,1.0,5.39125171439341,4.0,7.677432380628863,4.0,8.90414632008251,4.0,5.5190771960958305,2.0
258,IL,Aurora,6.390307660132903,14,5.817477689846776,1.0,5.39125171439341,4.0,7.677432380628863,4.0,8.90414632008251,4.0,4.161230195712954,1.0
120,IL,Chicago,7.106833138564099,15,6.124243013037239,2.0,5.39125171439341,4.0,7.677432380628863,4.0,8.90414632008251,4.0,7.437092264678472,1.0
121,IL,Peoria,7.11552553612503,14,6.167705000841893,1.0,5.39125171439341,4.0,7.677432380628863,4.0,8.90414632008251,4.0,7.437092264678472,1.0
122,IL,Rockford,7.279189452609286,14,6.986024583263175,1.0,5.39125171439341,4.0,7.677432380628863,4.0,8.90414632008251,4.0,7.437092264678472,1.0
17,IN,,4.930175203504795,15,7.100521973396195,1.0,6.0046409812459896,4.0,3.8015394622780767,4.0,2.433614594392535,4.0,5.3105590062111805,2.0
123,IN,Evansville,4.889427602898633,15,6.896783970365381,1.0,6.0046409812459896,4.0,3.8015394622780767,4.0,2.433614594392535,4.0,5.3105590062111805,2.0
124,IN,Fort Wayne,3.9294798817066265,15,3.819533541166392,2.0,6.0046409812459896,4.0,3.8015394622780767,4.0,2.433614594392535,4.0,3.588070829450138,1.0
125,IN,Indianapolis,4.299922533633272,12,4.294799297008848,2.0,4.222222222222222,1.0,3.8015394622780767,4.0,2.433614594392535,4.0,6.7474370922646765,1.0
126,IN,South Bend,5.048640734511009,11,8.03839030139754,1.0,4.222222222222222,1.0,3.8015394622780767,4.0,2.433614594392535,4.0,6.7474370922646765,1.0
18,KS,,5.058850910596601,15,8.454285233204242,1.0,5.124496837562209,4.0,4.629409374344286,4.0,3.7009699401704053,4.0,3.3850931677018634,2.0
259,KS,Overland Park,6.25228894061634,14,8.454285233204242,1.0,5.124496837562209,4.0,4.629409374344286,4.0,3.7009699401704053,4.0,9.352283317800559,1.0
127,KS,Wichita,4.499922989427167,15,4.123955943241601,2.0,5.124496837562209,4.0,4.629409374344286,4.0,3.7009699401704053,4.0,4.92078285181733,1.0
19,KY,,4.653210518041119,16,5.504293652129988,1.0,7.034657077654972,4.0,2.5639908389715664,5.0,3.1941669220701843,4.0,4.968944099378882,2.0
128,KY,Lexington,4.643086408031445,17,5.453673102081624,2.0,7.034657077654972,4.0,2.5639908389715664,5.0,3.1941669220701843,4.0,4.968944099378882,2.0
260,KY,Lexington-Fayette,5.054702993561075,16,5.453673102081624,2.0,7.034657077654972,4.0,2.5639908389715664,5.0,3.1941669220701843,4.0,7.027027027027027,1.0
129,KY,Louisville,4.847018049963273,16,4.377969726124306,2.0,7.034657077654972,4.0,2.5639908389715664,5.0,3.1941669220701843,4.0,7.064305684995337,1.0
20,LA,,3.1228459968064755,15,3.3389459504967163,1.0,5.44925651650774,4.0,1.946520680175372,4.0,0.7712548404017957,4.0,4.108251996450754,2.0
130,LA,Baton Rouge,3.3953347422691857,11,6.414847243269536,1.0,3.333333333333333,1.0,1.946520680175372,4.0,0.7712548404017957,4.0,4.51071761416589,1.0
131,LA,New Orleans,2.8394111678985614,12,3.8613347871770043,2.0,2.2777777777777777,1.0,1.946520680175372,4.0,0.7712548404017957,4.0,5.340167753960857,1.0
132,LA,Shreveport,2.984026110274962,11,7.002862434753326,1.0,2.2777777777777777,1.0,1.946520680175372,4.0,0.7712548404017957,4.0,2.9217148182665413,1.0
21,MA,,7.540383449790676,16,7.684795420104394,1.0,6.60452897097147,4.0,8.537994946792649,5.0,9.18693154018868,4.0,5.687666370896185,2.0
133,MA,Boston,8.096793302236794,13,7.46754162925597,2.0,8.88888888888889,1.0,8.537994946792649,5.0,9.18693154018868,4.0,6.402609506057781,1.0
134,MA,Springfield,8.15741866892643,12,7.770668462704159,1.0,8.88888888888889,1.0,8.537994946792649,5.0,9.18693154018868,4.0,6.402609506057781,1.0
135,MA,Worcester,8.344843414479504,12,8.759050345175956,1.0,8.88888888888889,1.0,8.537994946792649,5.0,9.18693154018868,4.0,6.35135135135135,1.0
22,MD,,7.542188246072252,16,8.157939046977607,1.0,8.47644235659325,4.0,8.749305418052725,5.0,7.597884399864558,4.0,4.729370008873115,2.0
136,MD,Baltimore,7.445263500996463,12,4.948144980220251,1.0,8.722222222222221,1.0,8.749305418052725,5.0,7.597884399864558,4.0,7.208760484622553,1.0
137,MD,Baltimore-Towson,8.237079192610265,12,8.907223438289275,1.0,8.722222222222221,1.0,8.749305418052725,5.0,7.597884399864558,4.0,7.208760484622553,1.0
261,MD,Columbia,8.734749276487246,12,8.907223438289275,1.0,8.722222222222221,1.0,8.749305418052725,5.0,7.597884399864558,4.0,9.697110904007454,1.0
23,ME,,6.602895129750789,16,7.954201043946791,1.0,5.301153300002072,4.0,8.614762232821445,5.0,9.405228637201029,4.0,1.7391304347826086,2.0
262,ME,Lewiston,7.628787588926606,15,7.954201043946791,1.0,5.301153300002072,4.0,8.614762232821445,5.0,9.405228637201029,4.0,6.868592730661693,1.0
263,ME,Portland,7.984798772523996,15,7.954201043946791,1.0,5.301153300002072,4.0,8.614762232821445,5.0,9.405228637201029,4.0,8.648648648648646,1.0
24,MI,,5.610163932077655,15,5.477353089745749,1.0,5.688638709451148,4.0,5.64198415337632,4.0,4.996171125738751,4.0,6.246672582076308,2.0
138,MI,Ann Arbor,6.514693314128506,15,10.0,1.0,5.688638709451148,4.0,5.64198415337632,4.0,4.996171125738751,4.0,6.246672582076308,2.0
139,MI,Detroit,4.499121411385741,12,5.61482984553653,2.0,1.6666666666666665,1.0,5.64198415337632,4.0,4.996171125738751,4.0,4.575955265610439,1.0
140,MI,Flint,4.745409525457422,11,6.846270415894933,1.0,1.6666666666666665,1.0,5.64198415337632,4.0,4.996171125738751,4.0,4.575955265610439,1.0
141,MI,Grand Rapids,5.354382358454965,11,7.132513891227479,1.0,1.6666666666666665,1.0,5.64198415337632,4.0,4.996171125738751,4.0,7.334575955265605,1.0
142,MI,Kalamazoo,5.588428494168047,11,8.302744569792894,1.0,1.6666666666666665,1.0,5.64198415337632,4.0,4.996171125738751,4.0,7.334575955265605,1.0
143,MI,Lansing-East Lansing,5.627829066654998,11,8.499747432227649,1.0,1.6666666666666665,1.0,5.64198415337632,4.0,4.996171125738751,4.0,7.334575955265605,1.0
25,MN,,5.942036987912193,16,4.723017342987034,1.0,4.487476619194123,4.0,7.963762115435567,5.0,8.112681302050717,4.0,4.423247559893523,2.0
144,MN,Minneapolis,7.39187871394615,13,5.32739459668891,2.0,5.555555555555555,1.0,7.963762115435567,5.0,8.112681302050717,4.0,10.0,1.0
145,MN,St. Paul,7.173844071175514,12,5.34160162514701,1.0,5.555555555555555,1.0,7.963762115435567,5.0,8.112681302050717,4.0,8.895619757688722,1.0
26,MO,,4.394708539995376,15,6.957400235729921,1.0,6.618673161065509,4.0,3.5305370363897692,4.0,2.4135161177233613,4.0,2.453416149068323,2.0
146,MO,Kansas City,4.5299348219440345,12,4.956319930443953,2.0,3.999999999999999,1.0,3.5305370363897692,4.0,2.4135161177233613,4.0,7.749301025163091,1.0
147,MO,Springfield,4.834782422007533,11,7.999663242970198,1.0,3.999999999999999,1.0,3.5305370363897692,4.0,2.4135161177233613,4.0,6.230195712954333,1.0
148,MO,St. Louis,4.704892642156453,12,4.985090599280713,2.0,2.8888888888888893,1.0,3.5305370363897692,4.0,2.4135161177233613,4.0,9.706430568499531,1.0
27,MS,,2.9991179221016964,16,0.8065330863781783,1.0,6.1798177309658024,4.0,2.046229025091394,5.0,0.6302679757039845,4.0,5.332741792369122,2.0
264,MS,Gulfport,1.932569563627872,15,0.8065330863781783,1.0,6.1798177309658024,4.0,2.046229025091394,5.0,0.6302679757039845,4.0,0.0,1.0
149,MS,Jackson,2.9392867310227526,12,5.743391143290115,1.0,3.4666666666666672,1.0,2.046229025091394,5.0,0.6302679757039845,4.0,2.809878844361602,1.0
28,MT,,5.289045845245259,15,6.795756861424481,1.0,5.739381684470407,4.0,5.569107848207209,4.0,2.2007876236060064,4.0,6.14019520851819,2.0
265,MT,Billings,5.508350699161379,14,6.795756861424481,1.0,5.739381684470407,4.0,5.569107848207209,4.0,2.2007876236060064,4.0,7.236719478098789,1.0
266,MT,Missoula,5.506486766262962,14,6.795756861424481,1.0,5.739381684470407,4.0,5.569107848207209,4.0,2.2007876236060064,4.0,7.2273998136067075,1.0
29,NC,,5.52337722350882,15,6.97087051692204,1.0,6.821804375933551,4.0,5.260466198722996,4.0,3.4306483090178657,4.0,5.133096716947649,2.0
150,NC,Asheville,5.587697816201193,15,7.292473480383903,1.0,6.821804375933551,4.0,5.260466198722996,4.0,3.4306483090178657,4.0,5.133096716947649,2.0
151,NC,Charlotte,4.870356006794956,12,5.345350210918608,2.0,6.666666666666666,1.0,5.260466198722996,4.0,3.4306483090178657,4.0,3.6486486486486465,1.0
152,NC,Durham,5.232526493120045,12,5.278290247390278,2.0,6.666666666666666,1.0,5.260466198722996,4.0,3.4306483090178657,4.0,5.526561043802422,1.0
153,NC,Fayetteville,5.283727914431299,11,8.115844418252232,1.0,6.666666666666666,1.0,5.260466198722996,4.0,3.4306483090178657,4.0,2.9450139794967365,1.0
154,NC,Greensboro,4.945095935898648,12,4.644181885017367,2.0,8.333333333333334,1.0,5.260466198722996,4.0,3.4306483090178657,4.0,3.0568499534016764,1.0
155,NC,Hickory,5.531329435978859,11,7.575349385418422,1.0,8.333333333333334,1.0,5.260466198722996,4.0,3.4306483090178657,4.0,3.0568499534016764,1.0
156,NC,Raleigh,5.535840379148101,11,3.9965786378702015,1.0,8.444444444444445,1.0,5.260466198722996,4.0,3.4306483090178657,4.0,6.547064305684993,1.0
157,NC,Raleigh-Cary,6.479579037834372,11,8.715271931301565,1.0,8.444444444444445,1.0,5.260466198722996,4.0,3.4306483090178657,4.0,6.547064305684993,1.0
158,NC,Wilmington,6.460383887135602,11,8.619296177807712,1.0,8.444444444444445,1.0,5.260466198722996,4.0,3.4306483090178657,4.0,6.547064305684993,1.0
159,NC,Winston,6.261023725492228,11,7.62249536959084,1.0,8.444444444444445,1.0,5.260466198722996,4.0,3.4306483090178657,4.0,6.547064305684993,1.0
160,NC,Winston-Salem,4.103867004711124,11,0.9280444777076859,1.0,8.444444444444445,1.0,5.260466198722996,4.0,3.4306483090178657,4.0,2.455731593662625,1.0
30,ND,,3.641718174735941,15,3.586462367401919,1.0,3.3517027777418575,4.0,4.756396394470595,4.0,4.380045305671364,4.0,2.1339840283939666,2.0
267,ND,Bismarck,3.8188356281438196,14,3.586462367401919,1.0,3.3517027777418575,4.0,4.756396394470595,4.0,4.380045305671364,4.0,3.019571295433363,1.0
268,ND,Fargo,4.611939076419683,14,3.586462367401919,1.0,3.3517027777418575,4.0,4.756396394470595,4.0,4.380045305671364,4.0,6.985088536812674,1.0
31,NE,,4.145482446758765,15,6.0851995285401586,1.0,4.152424708753475,4.0,4.619672878256432,4.0,2.6003724385631957,4.0,3.2697426796805678,2.0
161,NE,Lincoln,4.629983454901676,14,3.9302897466053652,1.0,4.152424708753475,4.0,4.619672878256432,4.0,2.6003724385631957,4.0,7.847157502329914,1.0
162,NE,Omaha,4.921255257364831,15,5.037161340468204,2.0,4.152424708753475,4.0,4.619672878256432,4.0,2.6003724385631957,4.0,8.19664492078285,1.0
32,NH,,5.7140418388745,15,7.321097827917159,1.0,5.524907681961737,4.0,7.239955012941792,4.0,7.512642637833978,4.0,0.9716060337178349,2.0
163,NH,Manchester,7.020058879930438,14,8.35494190941236,1.0,5.524907681961737,4.0,7.239955012941792,4.0,7.512642637833978,4.0,6.467847157502326,1.0
269,NH,Nashua,7.226955431654578,14,8.35494190941236,1.0,5.524907681961737,4.0,7.239955012941792,4.0,7.512642637833978,4.0,7.5023299161230215,1.0
33,NJ,,7.6020713274355645,15,6.432059269237246,1.0,7.133377166832948,4.0,7.610485708560225,4.0,9.296723756078903,4.0,7.537710736468501,2.0
164,NJ,Jersey City,7.885747849675333,14,6.902598096867313,1.0,7.133377166832948,4.0,7.610485708560225,4.0,9.296723756078903,4.0,8.485554520037278,1.0
165,NJ,Newark,7.224354786522923,14,6.391532128728748,1.0,7.133377166832948,4.0,7.610485708560225,4.0,9.296723756078903,4.0,5.689655172413794,1.0
166,NJ,Trenton,7.430136591118982,14,7.420441151709042,1.0,7.133377166832948,4.0,7.610485708560225,4.0,9.296723756078903,4.0,5.689655172413794,1.0
34,NM,,6.341410760881119,15,3.1217376662737832,1.0,7.125681179133856,4.0,6.8628466699256805,4.0,7.613647206552309,4.0,6.983141082519965,2.0
167,NM,Albuquerque,6.7304761961218444,15,5.288789335994585,2.0,7.125681179133856,4.0,6.8628466699256805,4.0,7.613647206552309,4.0,6.761416589002795,1.0
270,NM,Las Cruces,6.46206985874999,15,5.288789335994585,2.0,7.125681179133856,4.0,6.8628466699256805,4.0,7.613647206552309,4.0,5.41938490214352,1.0
35,NMI,,2.487562189,1,,0.0,,0.0,,0.0,2.487562189,1.0,,0.0
36,NV,,6.374225736320236,15,4.036033002188921,1.0,7.271878872290856,4.0,6.5348520754354436,4.0,8.797663755643368,4.0,5.230700976042592,2.0
168,NV,Henderson,6.140300631228987,14,2.7755800277985654,1.0,7.271878872290856,4.0,6.5348520754354436,4.0,8.797663755643368,4.0,5.3215284249767025,1.0
169,NV,Las Vegas,5.817864850730274,12,4.918401049682426,2.0,3.055555555555556,1.0,6.5348520754354436,4.0,8.797663755643368,4.0,5.782851817334574,1.0
271,NV,North Las Vegas,5.391956183442296,12,4.918401049682426,2.0,3.055555555555556,1.0,6.5348520754354436,4.0,8.797663755643368,4.0,3.6533084808946867,1.0
272,NV,Reno,5.767538662473051,12,4.918401049682426,2.0,3.055555555555556,1.0,6.5348520754354436,4.0,8.797663755643368,4.0,5.53122087604846,1.0
170,NV,Reno-Sparks,6.579110178416343,11,8.976258629398888,1.0,3.055555555555556,1.0,6.5348520754354436,4.0,8.797663755643368,4.0,5.53122087604846,1.0
37,NY,,6.318590651014435,15,2.4785317393500588,1.0,6.5083611047812555,4.0,8.52574164795529,4.0,9.710309889871107,4.0,4.370008873114464,2.0
171,NY,Albany,7.1934854144426215,15,6.8530055564909915,1.0,6.5083611047812555,4.0,8.52574164795529,4.0,9.710309889871107,4.0,4.370008873114464,2.0
172,NY,Buffalo,7.739829700142563,15,6.084279194545049,2.0,6.5083611047812555,4.0,8.52574164795529,4.0,9.710309889871107,4.0,7.8704566635601125,1.0
173,NY,New York,7.991445090723627,12,6.21480547838882,2.0,6.666666666666666,1.0,8.52574164795529,4.0,9.710309889871107,4.0,8.839701770736252,1.0
174,NY,Poughkeepsie,8.332925820268963,11,7.922209126115508,1.0,6.666666666666666,1.0,8.52574164795529,4.0,9.710309889871107,4.0,8.839701770736252,1.0
175,NY,Rochester,7.582605736321369,11,4.990739181680418,1.0,6.666666666666666,1.0,8.52574164795529,4.0,9.710309889871107,4.0,8.019571295433366,1.0
176,NY,Syracuse,7.824734040749723,11,6.201380703822192,1.0,6.666666666666666,1.0,8.52574164795529,4.0,9.710309889871107,4.0,8.019571295433366,1.0
273,NY,Yonkers,8.041882223415147,11,6.201380703822192,1.0,6.666666666666666,1.0,8.52574164795529,4.0,9.710309889871107,4.0,9.105312208760484,1.0
38,OH,,5.135482134544555,16,7.482741202222596,1.0,5.574921418847534,4.0,3.8027360879508976,5.0,3.107162806647623,4.0,5.709849157054126,2.0
177,OH,Akron,5.717569575681112,15,8.479542010439467,1.0,5.574921418847534,4.0,3.8027360879508976,5.0,3.107162806647623,4.0,7.623485554520038,1.0
178,OH,Canton,5.714202005383082,15,8.462704158949318,1.0,5.574921418847534,4.0,3.8027360879508976,5.0,3.107162806647623,4.0,7.623485554520038,1.0
228,OH,Chicago,5.221439943835797,12,8.462704158949318,1.0,3.111111111111111,1.0,3.8027360879508976,5.0,3.107162806647623,4.0,7.623485554520038,1.0
179,OH,Cincinnati,4.441953349145985,13,5.440180577651023,2.0,2.2222222222222223,1.0,3.8027360879508976,5.0,3.107162806647623,4.0,7.637465051258157,1.0
180,OH,Cleveland,3.910366042127612,13,5.158240728900683,2.0,0.0,1.0,3.8027360879508976,5.0,3.107162806647623,4.0,7.483690587138858,1.0
181,OH,Columbus,4.927862290296424,13,5.810141561750541,2.0,3.0888888888888886,1.0,3.8027360879508976,5.0,3.107162806647623,4.0,8.830382106244173,1.0
182,OH,Dayton,5.551319749961808,12,8.927428860077454,1.0,3.0888888888888886,1.0,3.8027360879508976,5.0,3.107162806647623,4.0,8.830382106244173,1.0
183,OH,Toledo,4.191081142798625,13,4.274418489685586,2.0,3.0888888888888886,1.0,3.8027360879508976,5.0,3.107162806647623,4.0,6.682199440820127,1.0
184,OH,Youngstown,4.750240213004292,12,7.070213840713925,1.0,3.0888888888888886,1.0,3.8027360879508976,5.0,3.107162806647623,4.0,6.682199440820127,1.0
39,OK,,4.514252784557063,15,6.479205253409667,1.0,6.056139408080399,4.0,3.2993336786432526,4.0,0.6451925036812796,4.0,6.091393078970718,2.0
185,OK,Oklahoma City,3.8364804128823335,15,3.6691549269424337,2.0,6.056139408080399,4.0,3.2993336786432526,4.0,0.6451925036812796,4.0,5.512581547064305,1.0
186,OK,Tulsa,3.6158554061557098,15,3.810205103001765,2.0,6.056139408080399,4.0,3.2993336786432526,4.0,0.6451925036812796,4.0,4.268406337371852,1.0
40,OR,,7.505874978263664,16,6.235056406802492,1.0,6.916614484903933,4.0,8.092095731889582,5.0,9.284720956275994,4.0,7.000887311446318,2.0
187,OR,Eugene,7.657752398704815,16,6.99444350900825,1.0,6.916614484903933,4.0,8.092095731889582,5.0,9.284720956275994,4.0,7.000887311446318,2.0
188,OR,Portland,7.6984854780299425,16,7.227887177005647,2.0,6.916614484903933,4.0,8.092095731889582,5.0,9.284720956275994,4.0,6.9711090400745555,1.0
189,OR,Salem,7.048760627160556,15,6.570129651456474,1.0,6.916614484903933,4.0,8.092095731889582,5.0,9.284720956275994,4.0,4.380242311276792,1.0
41,PA,,5.550760057472743,15,6.61222428018185,1.0,5.078285971306534,4.0,5.596401777881073,4.0,5.329354983815022,4.0,5.137533274179237,2.0
190,PA,Allentown,5.7177915442550304,15,7.447381714093282,1.0,5.078285971306534,4.0,5.596401777881073,4.0,5.329354983815022,4.0,5.137533274179237,2.0
191,PA,Harrisburg,5.614070379075707,15,6.928775888196666,1.0,5.078285971306534,4.0,5.596401777881073,4.0,5.329354983815022,4.0,5.137533274179237,2.0
192,PA,Lancaster,5.738670480102816,15,7.5517763933322115,1.0,5.078285971306534,4.0,5.596401777881073,4.0,5.329354983815022,4.0,5.137533274179237,2.0
193,PA,Philadelphia,5.5285811744324045,12,4.040852123824115,2.0,3.333333333333333,1.0,5.596401777881073,4.0,5.329354983815022,4.0,9.34296365330848,1.0
194,PA,Pittsburgh,5.3303235717537705,12,5.787888641858922,2.0,0.22222222222222215,1.0,5.596401777881073,4.0,5.329354983815022,4.0,9.715750232991612,1.0
195,PA,Reading,5.3783360100767155,11,6.027950833473649,1.0,0.22222222222222215,1.0,5.596401777881073,4.0,5.329354983815022,4.0,9.715750232991612,1.0
196,PA,York,5.068856299687761,11,4.480552281528876,1.0,0.22222222222222215,1.0,5.596401777881073,4.0,5.329354983815022,4.0,9.715750232991612,1.0
42,PR,,4.6744538177826085,2,,0.0,,0.0,,0.0,5.870646766,1.0,3.4782608695652173,1.0
43,RI,,6.926248885728055,16,5.18437447381714,1.0,6.628117613364111,4.0,8.538152588996564,5.0,8.459836664618619,4.0,5.820763087843834,2.0
197,RI,Providence,6.98522981272161,15,7.674692709210305,1.0,6.628117613364111,4.0,8.538152588996564,5.0,8.459836664618619,4.0,3.6253494874184513,1.0
274,RI,Warwick,7.479172030801759,15,7.674692709210305,1.0,6.628117613364111,4.0,8.538152588996564,5.0,8.459836664618619,4.0,6.095060577819198,1.0
44,SC,,3.8017268001867017,15,6.544872874221248,1.0,5.5621872513400445,4.0,3.058125911774868,4.0,0.4095526663480129,4.0,3.4338952972493346,2.0
198,SC,Charleston,3.8909614213728254,11,7.420441151709042,1.0,3.2777777777777777,1.0,3.058125911774868,4.0,0.4095526663480129,4.0,5.288909599254427,1.0
199,SC,Columbia,4.32494657675889,11,9.211988550260985,1.0,5.277777777777778,1.0,3.058125911774868,4.0,0.4095526663480129,4.0,3.667287977632805,1.0
200,SC,Greenville,4.129964256502954,11,8.23707694898131,1.0,5.277777777777778,1.0,3.058125911774868,4.0,0.4095526663480129,4.0,3.667287977632805,1.0
45,SD,,2.6528281142461476,15,3.628556996127294,1.0,4.145065931416194,4.0,4.475696634056456,4.0,0.6066577443246729,4.0,0.40816326530612246,2.0
275,SD,Rapid City,3.6448208106723414,14,3.628556996127294,1.0,4.145065931416194,4.0,4.475696634056456,4.0,0.6066577443246729,4.0,5.368126747437088,1.0
276,SD,Sioux Falls,3.9905803633284456,14,3.628556996127294,1.0,4.145065931416194,4.0,4.475696634056456,4.0,0.6066577443246729,4.0,7.096924510717613,1.0
46,TN,,4.756922778403617,16,6.359656507829601,1.0,7.176522981055271,4.0,2.65832966824073,5.0,0.642456110225227,4.0,6.947648624667259,2.0
201,TN,Chattanooga,4.790072085888444,15,7.634281865633946,1.0,7.176522981055271,4.0,2.65832966824073,5.0,0.642456110225227,4.0,5.838769804287046,1.0
202,TN,Knoxville,4.593574672844648,15,8.184879609361845,1.0,7.176522981055271,4.0,2.65832966824073,5.0,0.642456110225227,4.0,4.305684995340165,1.0
203,TN,Memphis,2.618858569382753,13,3.31975745676716,2.0,2.6666666666666665,1.0,2.65832966824073,5.0,0.642456110225227,4.0,3.8070829450139803,1.0
204,TN,Nashville,3.784880708577282,13,4.486670472300744,2.0,5.722222222222223,1.0,2.65832966824073,5.0,0.642456110225227,4.0,5.414725069897484,1.0
47,TX,,4.888265665201017,16,6.349553796935511,1.0,6.859655566641459,4.0,3.475004944274018,5.0,1.5148779933093692,4.0,6.242236024844721,2.0
277,TX,Amarillo,4.589492271974849,15,6.349553796935511,1.0,6.859655566641459,4.0,3.475004944274018,5.0,1.5148779933093692,4.0,4.748369058713883,1.0
205,TX,Arlington,3.388480966132363,15,0.3677964289532764,1.0,6.859655566641459,4.0,3.475004944274018,5.0,1.5148779933093692,4.0,4.725069897483692,1.0
206,TX,Austin,5.043826430688187,16,6.44974276384796,2.0,6.859655566641459,4.0,3.475004944274018,5.0,1.5148779933093692,4.0,6.919850885368128,1.0
207,TX,Beaumont,5.060831910584026,15,6.53477016332716,1.0,6.859655566641459,4.0,3.475004944274018,5.0,1.5148779933093692,4.0,6.919850885368128,1.0
208,TX,Brownsville,4.029137675924007,15,3.007240276140765,1.0,6.859655566641459,4.0,3.475004944274018,5.0,1.5148779933093692,4.0,5.288909599254427,1.0
209,TX,Corpus Christi,4.0674385218239255,16,3.5202729306170593,2.0,6.859655566641459,4.0,3.475004944274018,5.0,1.5148779933093692,4.0,4.967381174277725,1.0
210,TX,Dallas,4.860587313012692,13,5.635255139336756,2.0,8.38888888888889,1.0,3.475004944274018,5.0,1.5148779933093692,4.0,5.288909599254427,1.0
211,TX,El Paso,4.755605909345546,13,4.001308046443713,2.0,8.38888888888889,1.0,3.475004944274018,5.0,1.5148779933093692,4.0,6.39794967381174,1.0
212,TX,Fort Worth,4.01787812282614,12,1.6593606329519937,1.0,8.38888888888889,1.0,3.475004944274018,5.0,1.5148779933093692,4.0,5.05125815470643,1.0
278,TX,Garland,3.8333487658829903,12,1.6593606329519937,1.0,8.38888888888889,1.0,3.475004944274018,5.0,1.5148779933093692,4.0,4.128611369990681,1.0
279,TX,Grand Prairie,3.945184739787929,12,1.6593606329519937,1.0,8.38888888888889,1.0,3.475004944274018,5.0,1.5148779933093692,4.0,4.6877912395153745,1.0
213,TX,Houston,4.368797093721111,13,4.425812171697326,2.0,7.777777777777777,1.0,3.475004944274018,5.0,1.5148779933093692,4.0,4.650512581547062,1.0
280,TX,Irving,4.471313403133972,13,4.425812171697326,2.0,7.777777777777777,1.0,3.475004944274018,5.0,1.5148779933093692,4.0,5.163094128611369,1.0
214,TX,Killeen-Temple-Fort Hood,5.373994040018618,12,8.93921535612056,1.0,7.777777777777777,1.0,3.475004944274018,5.0,1.5148779933093692,4.0,5.163094128611369,1.0
281,TX,Laredo,5.619101216160277,12,8.93921535612056,1.0,7.777777777777777,1.0,3.475004944274018,5.0,1.5148779933093692,4.0,6.388630009319662,1.0
282,TX,Lubbock,5.48489804747435,12,8.93921535612056,1.0,7.777777777777777,1.0,3.475004944274018,5.0,1.5148779933093692,4.0,5.717614165890026,1.0
215,TX,McAllen,3.697054976250238,12,0.0,1.0,7.777777777777777,1.0,3.475004944274018,5.0,1.5148779933093692,4.0,5.717614165890026,1.0
283,TX,Plano,4.088480884917526,12,0.0,1.0,7.777777777777777,1.0,3.475004944274018,5.0,1.5148779933093692,4.0,7.6747437092264645,1.0
216,TX,San Antonio,4.932648219932436,13,5.413753730060574,2.0,7.777777777777777,1.0,3.475004944274018,5.0,1.5148779933093692,4.0,6.481826654240443,1.0
48,USVI,,4.3781094529999995,1,,0.0,,0.0,,0.0,4.3781094529999995,1.0,,0.0
49,UT,,4.662048153480043,15,7.233541000168379,1.0,4.401176917121336,4.0,2.161170143834223,4.0,4.7361805678556905,4.0,4.778172138420587,2.0
217,UT,Ogden,4.875552110375143,15,8.301060784643878,1.0,4.401176917121336,4.0,2.161170143834223,4.0,4.7361805678556905,4.0,4.778172138420587,2.0
218,UT,Provo-Orem,4.928759721084016,15,8.567098838188246,1.0,4.401176917121336,4.0,2.161170143834223,4.0,4.7361805678556905,4.0,4.778172138420587,2.0
219,UT,Salt Lake City,5.45528870467015,14,8.568782623337263,1.0,4.401176917121336,4.0,2.161170143834223,4.0,4.7361805678556905,4.0,7.409133271202236,1.0
284,UT,West Valley City,4.965074352386832,14,8.568782623337263,1.0,4.401176917121336,4.0,2.161170143834223,4.0,4.7361805678556905,4.0,4.958061509785648,1.0
50,VA,,7.429358747901775,15,8.920693719481394,1.0,8.091078248865731,4.0,5.581597781054616,4.0,7.556973235892402,4.0,6.99645075421473,2.0
285,VA,Chesapeake,7.260264310013161,14,8.920693719481394,1.0,8.091078248865731,4.0,5.581597781054616,4.0,7.556973235892402,4.0,6.150978564771665,1.0
286,VA,Newport News,7.0608234898826865,14,8.920693719481394,1.0,8.091078248865731,4.0,5.581597781054616,4.0,7.556973235892402,4.0,5.153774464119287,1.0
220,VA,Norfolk,6.1215868157729885,14,3.5068961830428735,1.0,8.091078248865731,4.0,5.581597781054616,4.0,7.556973235892402,4.0,5.871388630009319,1.0
221,VA,Richmond,5.6324799600605715,12,5.799121317269066,2.0,4.555555555555555,1.0,5.581597781054616,4.0,7.556973235892402,4.0,4.6691519105312205,1.0
222,VA,Virginia Beach,6.685461861384866,12,5.585207172653094,2.0,5.444444444444445,1.0,5.581597781054616,4.0,7.556973235892402,4.0,9.259086672879773,1.0
51,VT,,7.65425219792021,16,9.314699444350902,1.0,5.759526496241555,4.0,9.232603920840472,5.0,9.4657620953376,4.0,4.498669032830524,2.0
287,VT,Burlington,7.466540758548886,15,9.314699444350902,1.0,5.759526496241555,4.0,9.232603920840472,5.0,9.4657620953376,4.0,3.5601118359739066,1.0
288,VT,South Burlington,8.046223889956156,15,9.314699444350902,1.0,5.759526496241555,4.0,9.232603920840472,5.0,9.4657620953376,4.0,6.458527493010252,1.0
52,WA,,7.361582137670858,16,7.430543862603132,1.0,7.8757370263690305,4.0,7.788671777723761,5.0,8.948095554932543,4.0,4.7648624667258215,2.0
223,WA,Seattle,8.311354961661909,16,8.151167001008345,2.0,7.8757370263690305,4.0,7.788671777723761,5.0,8.948095554932543,4.0,8.793103448275861,1.0
224,WA,Spokane,8.104244843250077,15,8.85839366896784,1.0,7.8757370263690305,4.0,7.788671777723761,5.0,8.948095554932543,4.0,7.050326188257219,1.0
289,WA,Tacoma,8.175074293389873,15,8.85839366896784,1.0,7.8757370263690305,4.0,7.788671777723761,5.0,8.948095554932543,4.0,7.404473438956196,1.0
290,WA,Vancouver,8.07814978267226,15,8.85839366896784,1.0,7.8757370263690305,4.0,7.788671777723761,5.0,8.948095554932543,4.0,6.919850885368128,1.0
53,WI,,4.887267790709271,15,5.667620811584443,1.0,2.9778701718636515,4.0,6.374131050160164,4.0,5.082200504676337,4.0,4.334516415261756,2.0
225,WI,Madison,5.656580127760287,15,5.3258657340956885,2.0,2.9778701718636515,4.0,6.374131050160164,4.0,5.082200504676337,4.0,8.522833178005591,1.0
226,WI,Milwaukee,4.844396953764795,12,4.534680862325469,2.0,1.1666666666666665,1.0,6.374131050160164,4.0,5.082200504676337,4.0,7.064305684995337,1.0
54,WV,,4.226984647999491,15,2.2882640175113655,1.0,6.017162127301853,4.0,4.013803649615846,4.0,1.9967049806171937,4.0,6.8189884649511985,2.0
291,WV,Charleston,3.949859834785579,14,2.2882640175113655,1.0,6.017162127301853,4.0,4.013803649615846,4.0,1.9967049806171937,4.0,5.433364398881638,1.0
292,WV,Huntington,3.6600182690819443,14,2.2882640175113655,1.0,6.017162127301853,4.0,4.013803649615846,4.0,1.9967049806171937,4.0,3.9841565703634654,1.0
55,WY,,3.978700705925968,15,6.533086378178145,1.0,4.373528340993521,4.0,3.241569484606855,4.0,1.379747009968442,4.0,4.365572315882876,2.0
293,WY,Casper,4.00772976558257,14,6.533086378178145,1.0,4.373528340993521,4.0,3.241569484606855,4.0,1.379747009968442,4.0,4.51071761416589,1.0
294,WY,Cheyenne,3.77194225393299,14,6.533086378178145,1.0,4.373528340993521,4.0,3.241569484606855,4.0,1.379747009968442,4.0,3.331780055917987,1.0
